sales_order_number,customer_account,customer_name,order_type,channel,status,do_not_process,site,warehouse,invoice_date
SO-10000,C-1001,Greenfield Retail,Standard,Wholesale,Open,No,AUH-02,WH-A,2026-07-19
SO-10001,C-1001,Greenfield Retail,Rush,Wholesale,Open,No,DXB-01,WH-B,2026-05-26
SO-10002,C-1005,Palm Grove,Rush,Retail Store,Open,Yes,DXB-01,WH-B,2026-06-22
SO-10003,C-1001,Greenfield Retail,Rush,Wholesale,Open,No,AUH-02,WH-A,2026-07-15
SO-10004,C-1004,Desert Gardens,Rush,Wholesale,Open,No,DXB-01,WH-A,2026-07-17
SO-10005,C-1008,Sand & Stone,Standard,Wholesale,Open,No,AUH-02,WH-A,2026-06-16
SO-10006,C-1003,Bloom Online,Standard,Online,Open,No,AUH-02,WH-B,2026-07-31
SO-10007,C-1004,Desert Gardens,Rush,Wholesale,Open,No,AUH-02,WH-A,2026-06-02
SO-10008,C-1005,Palm Grove,Standard,Wholesale,Open,No,AUH-02,WH-B,2026-07-09
SO-10009,C-1002,Oasis Wholesale,Standard,Online,Open,No,AUH-02,WH-B,2026-05-19
SO-10010,C-1003,Bloom Online,Standard,Online,Open,No,DXB-01,WH-B,2026-06-05
SO-10011,C-1001,Greenfield Retail,Rush,Wholesale,Cancelled,No,AUH-02,WH-B,2026-06-15
SO-10012,C-1008,Sand & Stone,Standard,Retail Store,Open,No,DXB-01,WH-A,2026-05-09
SO-10013,C-1006,Nile Nursery,Standard,Online,Open,No,AUH-02,WH-A,2026-06-07
SO-10014,C-1002,Oasis Wholesale,Standard,Wholesale,Cancelled,No,DXB-01,WH-A,2026-05-27
SO-10015,C-1004,Desert Gardens,Rush,Wholesale,Open,No,DXB-01,WH-B,2026-07-23
SO-10016,C-1007,Cedar Home,Standard,Online,Open,No,AUH-02,WH-A,2026-06-23
SO-10017,C-1004,Desert Gardens,Standard,Retail Store,Open,No,DXB-01,WH-B,2026-06-11
SO-10018,C-1002,Oasis Wholesale,Standard,Retail Store,Open,No,DXB-01,WH-A,2026-08-10
SO-10019,C-1007,Cedar Home,Rush,Retail Store,Cancelled,No,DXB-01,WH-B,2026-06-29
SO-10020,C-1008,Sand & Stone,Standard,Retail Store,Open,No,DXB-01,WH-B,2026-07-31
SO-10021,C-1003,Bloom Online,Standard,Retail Store,Cancelled,No,DXB-01,WH-A,2026-06-29
SO-10022,C-1002,Oasis Wholesale,Rush,Online,Open,No,AUH-02,WH-B,2026-07-14
SO-10023,C-1008,Sand & Stone,Standard,Online,Open,No,DXB-01,WH-A,2026-05-15
SO-10024,C-1006,Nile Nursery,Rush,Retail Store,Open,No,DXB-01,WH-B,2026-06-01
SO-10025,C-1005,Palm Grove,Standard,Retail Store,Open,No,DXB-01,WH-A,2026-05-12
SO-10026,C-1002,Oasis Wholesale,Rush,Wholesale,Cancelled,No,AUH-02,WH-B,2026-08-22
SO-10027,C-1007,Cedar Home,Standard,Wholesale,Cancelled,No,DXB-01,WH-A,2026-08-01
SO-10028,C-1001,Greenfield Retail,Rush,Online,Open,No,DXB-01,WH-A,2026-06-07
SO-10029,C-1001,Greenfield Retail,Standard,Retail Store,Open,No,AUH-02,WH-B,2026-08-19
SO-10030,C-1008,Sand & Stone,Standard,Retail Store,Open,No,DXB-01,WH-B,2026-08-18
SO-10031,C-1006,Nile Nursery,Rush,Online,Open,No,DXB-01,WH-B,2026-05-23
SO-10032,C-1002,Oasis Wholesale,Rush,Wholesale,Open,No,AUH-02,WH-B,2026-06-01
SO-10033,C-1001,Greenfield Retail,Rush,Wholesale,Open,No,DXB-01,WH-B,2026-05-04
SO-10034,C-1006,Nile Nursery,Rush,Online,Open,No,AUH-02,WH-A,2026-06-07
SO-10035,C-1007,Cedar Home,Standard,Wholesale,Open,No,AUH-02,WH-B,2026-06-04
SO-10036,C-1006,Nile Nursery,Standard,Retail Store,Open,No,DXB-01,WH-B,2026-07-03
SO-10037,C-1002,Oasis Wholesale,Rush,Online,Open,No,AUH-02,WH-A,2026-05-30
SO-10038,C-1002,Oasis Wholesale,Rush,Online,Open,No,DXB-01,WH-A,2026-07-26
SO-10039,C-1008,Sand & Stone,Rush,Wholesale,Open,No,AUH-02,WH-B,2026-06-26
SO-10040,C-1008,Sand & Stone,Rush,Wholesale,Open,No,DXB-01,WH-B,2026-08-14
SO-10041,C-1002,Oasis Wholesale,Standard,Retail Store,Open,No,DXB-01,WH-A,2026-06-08
SO-10042,C-1001,Greenfield Retail,Standard,Retail Store,Open,No,AUH-02,WH-B,2026-06-27
SO-10043,C-1004,Desert Gardens,Standard,Online,Open,No,DXB-01,WH-B,2026-08-16
SO-10044,C-1003,Bloom Online,Standard,Wholesale,Open,No,DXB-01,WH-B,2026-05-20
SO-10045,C-1003,Bloom Online,Rush,Retail Store,Open,No,AUH-02,WH-B,2026-08-17
SO-10046,C-1008,Sand & Stone,Standard,Retail Store,Open,No,DXB-01,WH-B,2026-05-31
SO-10047,C-1003,Bloom Online,Rush,Online,Open,No,DXB-01,WH-A,2026-05-18
SO-10048,C-1001,Greenfield Retail,Standard,Online,Open,No,AUH-02,WH-B,2026-06-07
SO-10049,C-1002,Oasis Wholesale,Rush,Wholesale,Open,No,DXB-01,WH-B,2026-07-27
SO-10050,C-1008,Sand & Stone,Rush,Retail Store,Open,No,AUH-02,WH-B,2026-08-15
SO-10051,C-1008,Sand & Stone,Standard,Online,Open,No,AUH-02,WH-B,2026-08-10
SO-10052,C-1007,Cedar Home,Standard,Online,Open,No,DXB-01,WH-B,2026-05-30
SO-10053,C-1005,Palm Grove,Rush,Wholesale,Open,Yes,DXB-01,WH-A,2026-06-03
SO-10054,C-1008,Sand & Stone,Standard,Retail Store,Open,No,DXB-01,WH-B,2026-07-29
SO-10055,C-1006,Nile Nursery,Standard,Online,Open,No,AUH-02,WH-B,2026-08-02
SO-10056,C-1003,Bloom Online,Rush,Retail Store,Open,No,DXB-01,WH-B,2026-05-14
SO-10057,C-1003,Bloom Online,Standard,Online,Open,No,DXB-01,WH-A,2026-05-28
SO-10058,C-1005,Palm Grove,Standard,Online,Open,No,AUH-02,WH-B,2026-08-18
SO-10059,C-1001,Greenfield Retail,Standard,Retail Store,Open,Yes,DXB-01,WH-B,2026-06-30
SO-10060,C-1004,Desert Gardens,Rush,Wholesale,Open,No,AUH-02,WH-B,2026-07-14
SO-10061,C-1005,Palm Grove,Standard,Wholesale,Open,No,DXB-01,WH-A,2026-07-18
SO-10062,C-1008,Sand & Stone,Rush,Online,Open,No,DXB-01,WH-A,2026-06-25
SO-10063,C-1004,Desert Gardens,Standard,Wholesale,Open,No,DXB-01,WH-B,2026-05-13
SO-10064,C-1005,Palm Grove,Rush,Online,Open,No,DXB-01,WH-B,2026-07-14
SO-10065,C-1006,Nile Nursery,Standard,Wholesale,Open,Yes,AUH-02,WH-A,2026-05-04
SO-10066,C-1005,Palm Grove,Rush,Retail Store,Open,No,AUH-02,WH-B,2026-07-21
SO-10067,C-1006,Nile Nursery,Rush,Online,Open,No,AUH-02,WH-B,2026-05-12
SO-10068,C-1001,Greenfield Retail,Rush,Wholesale,Cancelled,No,AUH-02,WH-B,2026-05-13
SO-10069,C-1005,Palm Grove,Standard,Online,Cancelled,No,AUH-02,WH-A,2026-07-08
SO-10070,C-1008,Sand & Stone,Rush,Retail Store,Open,No,DXB-01,WH-B,2026-05-27
SO-10071,C-1007,Cedar Home,Rush,Retail Store,Open,No,DXB-01,WH-A,2026-07-08
SO-10072,C-1008,Sand & Stone,Rush,Retail Store,Open,No,AUH-02,WH-B,2026-06-06
SO-10073,C-1007,Cedar Home,Rush,Retail Store,Open,No,AUH-02,WH-B,2026-06-17
SO-10074,C-1006,Nile Nursery,Rush,Retail Store,Open,No,AUH-02,WH-A,2026-07-02
SO-10075,C-1002,Oasis Wholesale,Rush,Online,Open,No,AUH-02,WH-B,2026-08-18
SO-10076,C-1002,Oasis Wholesale,Rush,Retail Store,Open,No,AUH-02,WH-A,2026-05-03
SO-10077,C-1001,Greenfield Retail,Rush,Retail Store,Open,No,AUH-02,WH-A,2026-05-20
SO-10078,C-1003,Bloom Online,Standard,Retail Store,Open,No,DXB-01,WH-B,2026-07-25
SO-10079,C-1005,Palm Grove,Standard,Wholesale,Open,No,DXB-01,WH-B,2026-05-31
SO-10080,C-1007,Cedar Home,Standard,Wholesale,Open,No,AUH-02,WH-B,2026-07-13
SO-10081,C-1005,Palm Grove,Rush,Wholesale,Open,No,AUH-02,WH-A,2026-07-11
SO-10082,C-1005,Palm Grove,Rush,Retail Store,Open,No,AUH-02,WH-A,2026-08-02
SO-10083,C-1001,Greenfield Retail,Rush,Wholesale,Open,Yes,AUH-02,WH-A,2026-08-07
SO-10084,C-1006,Nile Nursery,Rush,Wholesale,Open,No,AUH-02,WH-A,2026-08-07
SO-10085,C-1007,Cedar Home,Standard,Wholesale,Open,No,AUH-02,WH-A,2026-05-17
SO-10086,C-1007,Cedar Home,Rush,Wholesale,Open,No,AUH-02,WH-A,2026-08-02
SO-10087,C-1008,Sand & Stone,Standard,Wholesale,Open,Yes,AUH-02,WH-B,2026-05-27
SO-10088,C-1004,Desert Gardens,Rush,Wholesale,Open,No,DXB-01,WH-B,2026-05-13
SO-10089,C-1004,Desert Gardens,Standard,Online,Open,No,AUH-02,WH-A,2026-05-03
SO-10090,C-1008,Sand & Stone,Rush,Retail Store,Cancelled,No,DXB-01,WH-A,2026-05-23
SO-10091,C-1004,Desert Gardens,Standard,Wholesale,Open,No,DXB-01,WH-A,2026-05-25
SO-10092,C-1003,Bloom Online,Standard,Retail Store,Open,No,AUH-02,WH-A,2026-05-13
SO-10093,C-1002,Oasis Wholesale,Rush,Wholesale,Open,No,DXB-01,WH-B,2026-05-15
SO-10094,C-1005,Palm Grove,Rush,Online,Open,No,DXB-01,WH-A,2026-08-07
SO-10095,C-1006,Nile Nursery,Rush,Wholesale,Open,No,DXB-01,WH-A,2026-08-22
SO-10096,C-1004,Desert Gardens,Rush,Online,Open,No,AUH-02,WH-A,2026-08-08
SO-10097,C-1005,Palm Grove,Standard,Online,Cancelled,No,DXB-01,WH-B,2026-06-22
SO-10098,C-1003,Bloom Online,Rush,Wholesale,Open,No,DXB-01,WH-B,2026-08-02
SO-10099,C-1006,Nile Nursery,Standard,Retail Store,Open,No,DXB-01,WH-A,2026-07-14
SO-10100,C-1005,Palm Grove,Standard,Wholesale,Open,No,DXB-01,WH-B,2026-06-15
SO-10101,C-1003,Bloom Online,Standard,Retail Store,Open,No,AUH-02,WH-A,2026-06-12
SO-10102,C-1006,Nile Nursery,Standard,Retail Store,Open,No,AUH-02,WH-B,2026-06-21
SO-10103,C-1001,Greenfield Retail,Rush,Wholesale,Open,No,DXB-01,WH-B,2026-08-03
SO-10104,C-1002,Oasis Wholesale,Rush,Online,Open,No,AUH-02,WH-A,2026-08-03
SO-10105,C-1004,Desert Gardens,Standard,Retail Store,Open,No,AUH-02,WH-B,2026-05-25
SO-10106,C-1006,Nile Nursery,Rush,Retail Store,Open,No,AUH-02,WH-A,2026-07-06
SO-10107,C-1007,Cedar Home,Standard,Wholesale,Open,Yes,AUH-02,WH-B,2026-06-22
SO-10108,C-1002,Oasis Wholesale,Rush,Online,Open,No,DXB-01,WH-A,2026-08-24
SO-10109,C-1002,Oasis Wholesale,Rush,Wholesale,Open,No,DXB-01,WH-A,2026-06-10
SO-10110,C-1003,Bloom Online,Rush,Wholesale,Open,No,DXB-01,WH-A,2026-05-31
SO-10111,C-1008,Sand & Stone,Rush,Retail Store,Open,No,AUH-02,WH-B,2026-06-08
SO-10112,C-1006,Nile Nursery,Rush,Online,Open,No,DXB-01,WH-A,2026-05-03
SO-10113,C-1003,Bloom Online,Rush,Retail Store,Open,No,AUH-02,WH-A,2026-07-15
SO-10114,C-1003,Bloom Online,Rush,Online,Open,No,AUH-02,WH-B,2026-06-24
SO-10115,C-1005,Palm Grove,Standard,Online,Open,Yes,DXB-01,WH-B,2026-07-09
SO-10116,C-1005,Palm Grove,Standard,Wholesale,Open,No,AUH-02,WH-B,2026-07-14
SO-10117,C-1006,Nile Nursery,Standard,Online,Open,No,DXB-01,WH-A,2026-05-22
SO-10118,C-1001,Greenfield Retail,Standard,Wholesale,Open,No,AUH-02,WH-A,2026-07-02
SO-10119,C-1003,Bloom Online,Standard,Wholesale,Open,No,AUH-02,WH-A,2026-08-05
SO-10120,C-1005,Palm Grove,Rush,Online,Open,No,DXB-01,WH-B,2026-07-06
SO-10121,C-1003,Bloom Online,Standard,Online,Open,No,DXB-01,WH-B,2026-08-11
SO-10122,C-1003,Bloom Online,Rush,Online,Open,No,DXB-01,WH-A,2026-08-22
SO-10123,C-1006,Nile Nursery,Standard,Retail Store,Open,No,AUH-02,WH-A,2026-06-18
SO-10124,C-1005,Palm Grove,Standard,Online,Open,No,DXB-01,WH-B,2026-05-16
SO-10125,C-1007,Cedar Home,Standard,Retail Store,Open,No,AUH-02,WH-A,2026-05-26
SO-10126,C-1008,Sand & Stone,Standard,Retail Store,Open,No,DXB-01,WH-B,2026-08-08
SO-10127,C-1004,Desert Gardens,Standard,Wholesale,Open,No,AUH-02,WH-A,2026-07-16
SO-10128,C-1006,Nile Nursery,Rush,Online,Open,No,DXB-01,WH-B,2026-07-19
SO-10129,C-1003,Bloom Online,Standard,Retail Store,Open,No,AUH-02,WH-B,2026-08-01
SO-10130,C-1001,Greenfield Retail,Standard,Online,Open,No,DXB-01,WH-A,2026-05-07
SO-10131,C-1001,Greenfield Retail,Standard,Wholesale,Open,No,DXB-01,WH-B,2026-06-28
SO-10132,C-1007,Cedar Home,Rush,Online,Open,No,DXB-01,WH-B,2026-08-02
SO-10133,C-1005,Palm Grove,Rush,Online,Open,No,DXB-01,WH-A,2026-08-12
SO-10134,C-1006,Nile Nursery,Rush,Online,Open,No,DXB-01,WH-B,2026-07-26
SO-10135,C-1001,Greenfield Retail,Standard,Retail Store,Open,No,AUH-02,WH-A,2026-07-03
SO-10136,C-1006,Nile Nursery,Rush,Online,Open,No,AUH-02,WH-A,2026-05-18
SO-10137,C-1003,Bloom Online,Rush,Online,Open,No,AUH-02,WH-A,2026-05-13
SO-10138,C-1002,Oasis Wholesale,Rush,Online,Open,No,DXB-01,WH-B,2026-05-14
SO-10139,C-1003,Bloom Online,Standard,Online,Open,No,DXB-01,WH-A,2026-08-15
SO-10140,C-1006,Nile Nursery,Rush,Online,Cancelled,No,DXB-01,WH-A,2026-06-14
SO-10141,C-1008,Sand & Stone,Standard,Online,Open,No,AUH-02,WH-A,2026-06-08
SO-10142,C-1002,Oasis Wholesale,Rush,Wholesale,Open,No,DXB-01,WH-B,2026-08-23
SO-10143,C-1005,Palm Grove,Standard,Retail Store,Open,No,AUH-02,WH-A,2026-07-19
SO-10144,C-1005,Palm Grove,Standard,Wholesale,Open,No,DXB-01,WH-B,2026-05-09
SO-10145,C-1005,Palm Grove,Rush,Online,Open,No,DXB-01,WH-A,2026-05-30
SO-10146,C-1006,Nile Nursery,Rush,Wholesale,Open,No,AUH-02,WH-B,2026-05-17
SO-10147,C-1003,Bloom Online,Rush,Retail Store,Open,No,DXB-01,WH-B,2026-06-25
SO-10148,C-1006,Nile Nursery,Rush,Retail Store,Open,No,DXB-01,WH-B,2026-08-26
SO-10149,C-1008,Sand & Stone,Rush,Retail Store,Cancelled,No,DXB-01,WH-B,2026-06-18
SO-10150,C-1005,Palm Grove,Rush,Wholesale,Open,No,AUH-02,WH-B,2026-06-23
SO-10151,C-1002,Oasis Wholesale,Standard,Online,Open,No,AUH-02,WH-B,2026-07-08
SO-10152,C-1006,Nile Nursery,Standard,Retail Store,Open,No,DXB-01,WH-B,2026-06-15
SO-10153,C-1008,Sand & Stone,Rush,Retail Store,Open,No,DXB-01,WH-B,2026-06-10
SO-10154,C-1006,Nile Nursery,Standard,Wholesale,Open,No,AUH-02,WH-B,2026-08-01
SO-10155,C-1001,Greenfield Retail,Standard,Wholesale,Open,No,AUH-02,WH-B,2026-07-12
SO-10156,C-1001,Greenfield Retail,Rush,Wholesale,Cancelled,No,DXB-01,WH-A,2026-08-12
SO-10157,C-1008,Sand & Stone,Rush,Wholesale,Open,No,DXB-01,WH-A,2026-07-02
SO-10158,C-1006,Nile Nursery,Standard,Wholesale,Open,No,AUH-02,WH-B,2026-08-23
SO-10159,C-1005,Palm Grove,Rush,Online,Open,No,DXB-01,WH-B,2026-06-06
SO-10160,C-1003,Bloom Online,Standard,Online,Open,No,DXB-01,WH-B,2026-08-11
SO-10161,C-1004,Desert Gardens,Standard,Wholesale,Open,No,AUH-02,WH-B,2026-06-29
SO-10162,C-1004,Desert Gardens,Rush,Wholesale,Open,Yes,DXB-01,WH-A,2026-08-22
SO-10163,C-1008,Sand & Stone,Standard,Wholesale,Open,No,DXB-01,WH-B,2026-07-21
SO-10164,C-1003,Bloom Online,Rush,Online,Open,No,DXB-01,WH-A,2026-08-01
SO-10165,C-1002,Oasis Wholesale,Rush,Online,Open,No,AUH-02,WH-B,2026-04-30
SO-10166,C-1006,Nile Nursery,Standard,Retail Store,Open,No,AUH-02,WH-B,2026-05-23
SO-10167,C-1002,Oasis Wholesale,Rush,Online,Open,No,DXB-01,WH-A,2026-07-03
SO-10168,C-1005,Palm Grove,Rush,Online,Open,No,AUH-02,WH-A,2026-05-29
SO-10169,C-1005,Palm Grove,Standard,Wholesale,Open,No,DXB-01,WH-B,2026-06-19
SO-10170,C-1006,Nile Nursery,Standard,Online,Open,No,AUH-02,WH-A,2026-05-18
SO-10171,C-1004,Desert Gardens,Rush,Wholesale,Open,No,DXB-01,WH-A,2026-08-13
SO-10172,C-1002,Oasis Wholesale,Rush,Wholesale,Open,No,AUH-02,WH-A,2026-07-12
SO-10173,C-1001,Greenfield Retail,Standard,Online,Open,No,AUH-02,WH-A,2026-08-10
SO-10174,C-1001,Greenfield Retail,Standard,Retail Store,Open,No,AUH-02,WH-A,2026-07-27
SO-10175,C-1008,Sand & Stone,Standard,Online,Open,No,AUH-02,WH-A,2026-08-21
SO-10176,C-1001,Greenfield Retail,Rush,Retail Store,Open,No,AUH-02,WH-B,2026-05-15
SO-10177,C-1002,Oasis Wholesale,Standard,Retail Store,Open,No,AUH-02,WH-A,2026-06-03
SO-10178,C-1004,Desert Gardens,Standard,Wholesale,Open,No,DXB-01,WH-B,2026-07-14
SO-10179,C-1006,Nile Nursery,Standard,Wholesale,Open,No,AUH-02,WH-A,2026-06-05
SO-10180,C-1007,Cedar Home,Rush,Wholesale,Open,No,AUH-02,WH-A,2026-07-13
SO-10181,C-1008,Sand & Stone,Standard,Retail Store,Open,No,DXB-01,WH-B,2026-06-16
SO-10182,C-1003,Bloom Online,Standard,Online,Open,No,DXB-01,WH-B,2026-07-09
SO-10183,C-1001,Greenfield Retail,Rush,Retail Store,Open,No,DXB-01,WH-A,2026-06-02
SO-10184,C-1004,Desert Gardens,Rush,Wholesale,Open,No,DXB-01,WH-B,2026-05-14
SO-10185,C-1008,Sand & Stone,Rush,Online,Open,No,DXB-01,WH-B,2026-06-01
SO-10186,C-1004,Desert Gardens,Rush,Wholesale,Open,No,DXB-01,WH-A,2026-06-20
SO-10187,C-1004,Desert Gardens,Rush,Online,Open,No,AUH-02,WH-B,2026-06-16
SO-10188,C-1008,Sand & Stone,Standard,Retail Store,Open,No,DXB-01,WH-A,2026-05-16
SO-10189,C-1001,Greenfield Retail,Rush,Retail Store,Cancelled,No,AUH-02,WH-B,2026-07-28
SO-10190,C-1005,Palm Grove,Rush,Wholesale,Open,No,AUH-02,WH-A,2026-05-01
SO-10191,C-1004,Desert Gardens,Rush,Retail Store,Open,No,AUH-02,WH-B,2026-07-05
SO-10192,C-1004,Desert Gardens,Standard,Wholesale,Open,No,DXB-01,WH-B,2026-06-26
SO-10193,C-1001,Greenfield Retail,Rush,Wholesale,Open,No,DXB-01,WH-A,2026-06-28
SO-10194,C-1008,Sand & Stone,Rush,Online,Open,No,DXB-01,WH-A,2026-05-26
SO-10195,C-1002,Oasis Wholesale,Rush,Online,Open,No,DXB-01,WH-A,2026-05-17
SO-10196,C-1001,Greenfield Retail,Rush,Retail Store,Open,No,AUH-02,WH-A,2026-08-02
SO-10197,C-1006,Nile Nursery,Rush,Wholesale,Open,No,AUH-02,WH-B,2026-06-30
SO-10198,C-1002,Oasis Wholesale,Standard,Online,Open,No,DXB-01,WH-B,2026-07-29
SO-10199,C-1006,Nile Nursery,Rush,Online,Open,Yes,DXB-01,WH-A,2026-06-07
SO-10200,C-1002,Oasis Wholesale,Rush,Wholesale,Cancelled,No,AUH-02,WH-B,2026-06-13
SO-10201,C-1007,Cedar Home,Rush,Retail Store,Open,No,DXB-01,WH-B,2026-07-04
SO-10202,C-1007,Cedar Home,Standard,Online,Open,No,AUH-02,WH-A,2026-06-23
SO-10203,C-1007,Cedar Home,Rush,Online,Open,No,AUH-02,WH-B,2026-06-06
SO-10204,C-1007,Cedar Home,Standard,Online,Open,No,AUH-02,WH-B,2026-06-08
SO-10205,C-1004,Desert Gardens,Rush,Wholesale,Open,No,DXB-01,WH-A,2026-05-13
SO-10206,C-1003,Bloom Online,Standard,Wholesale,Open,No,AUH-02,WH-A,2026-07-24
SO-10207,C-1007,Cedar Home,Standard,Wholesale,Open,No,DXB-01,WH-B,2026-06-19
SO-10208,C-1003,Bloom Online,Rush,Wholesale,Open,No,DXB-01,WH-B,2026-07-23
SO-10209,C-1004,Desert Gardens,Standard,Online,Open,No,AUH-02,WH-B,2026-05-27
SO-10210,C-1002,Oasis Wholesale,Rush,Wholesale,Open,No,DXB-01,WH-B,2026-06-21
SO-10211,C-1008,Sand & Stone,Standard,Wholesale,Cancelled,No,AUH-02,WH-B,2026-06-28
SO-10212,C-1004,Desert Gardens,Rush,Wholesale,Open,No,DXB-01,WH-A,2026-08-09
SO-10213,C-1007,Cedar Home,Rush,Retail Store,Open,No,DXB-01,WH-B,2026-07-19
SO-10214,C-1002,Oasis Wholesale,Rush,Wholesale,Open,No,DXB-01,WH-B,2026-06-03
SO-10215,C-1006,Nile Nursery,Rush,Wholesale,Open,No,AUH-02,WH-B,2026-08-17
SO-10216,C-1002,Oasis Wholesale,Rush,Wholesale,Open,Yes,DXB-01,WH-B,2026-07-28
SO-10217,C-1007,Cedar Home,Rush,Online,Open,No,DXB-01,WH-B,2026-07-26
SO-10218,C-1008,Sand & Stone,Rush,Wholesale,Open,No,DXB-01,WH-B,2026-05-22
SO-10219,C-1008,Sand & Stone,Rush,Online,Open,No,AUH-02,WH-B,2026-07-09
SO-10220,C-1005,Palm Grove,Rush,Retail Store,Open,No,AUH-02,WH-A,2026-06-05
SO-10221,C-1008,Sand & Stone,Standard,Wholesale,Open,Yes,DXB-01,WH-B,2026-08-12
SO-10222,C-1008,Sand & Stone,Rush,Retail Store,Open,No,DXB-01,WH-A,2026-08-17
SO-10223,C-1005,Palm Grove,Rush,Wholesale,Open,No,DXB-01,WH-B,2026-07-10
SO-10224,C-1001,Greenfield Retail,Rush,Online,Open,No,DXB-01,WH-A,2026-08-03
SO-10225,C-1005,Palm Grove,Standard,Wholesale,Open,No,AUH-02,WH-B,2026-05-17
SO-10226,C-1001,Greenfield Retail,Rush,Wholesale,Open,No,DXB-01,WH-B,2026-06-30
SO-10227,C-1008,Sand & Stone,Standard,Online,Open,No,AUH-02,WH-B,2026-06-22
SO-10228,C-1001,Greenfield Retail,Rush,Retail Store,Open,No,DXB-01,WH-B,2026-08-07
SO-10229,C-1005,Palm Grove,Standard,Retail Store,Open,Yes,AUH-02,WH-B,2026-06-06
SO-10230,C-1007,Cedar Home,Rush,Wholesale,Cancelled,No,DXB-01,WH-A,2026-06-07
SO-10231,C-1008,Sand & Stone,Rush,Retail Store,Open,No,DXB-01,WH-B,2026-05-27
SO-10232,C-1002,Oasis Wholesale,Standard,Online,Open,No,AUH-02,WH-B,2026-07-31
SO-10233,C-1003,Bloom Online,Standard,Online,Open,Yes,AUH-02,WH-A,2026-06-12
SO-10234,C-1006,Nile Nursery,Standard,Online,Open,No,AUH-02,WH-A,2026-07-31
SO-10235,C-1004,Desert Gardens,Standard,Wholesale,Open,No,DXB-01,WH-B,2026-05-02
SO-10236,C-1008,Sand & Stone,Rush,Wholesale,Open,No,DXB-01,WH-A,2026-05-13
SO-10237,C-1003,Bloom Online,Standard,Online,Open,No,DXB-01,WH-A,2026-06-21
SO-10238,C-1007,Cedar Home,Standard,Online,Open,No,AUH-02,WH-A,2026-07-02
SO-10239,C-1003,Bloom Online,Standard,Wholesale,Open,No,AUH-02,WH-B,2026-08-24
SO-10240,C-1007,Cedar Home,Standard,Retail Store,Open,No,AUH-02,WH-A,2026-05-30
SO-10241,C-1003,Bloom Online,Standard,Online,Open,No,AUH-02,WH-B,2026-05-16
SO-10242,C-1002,Oasis Wholesale,Rush,Online,Open,No,DXB-01,WH-B,2026-06-02
SO-10243,C-1003,Bloom Online,Standard,Online,Open,No,DXB-01,WH-A,2026-05-20
SO-10244,C-1006,Nile Nursery,Standard,Online,Open,No,DXB-01,WH-A,2026-05-04
SO-10245,C-1002,Oasis Wholesale,Standard,Wholesale,Open,No,AUH-02,WH-A,2026-06-08
SO-10246,C-1002,Oasis Wholesale,Rush,Online,Open,No,AUH-02,WH-B,2026-05-04
SO-10247,C-1005,Palm Grove,Rush,Wholesale,Open,No,DXB-01,WH-B,2026-06-05
SO-10248,C-1001,Greenfield Retail,Standard,Retail Store,Open,No,AUH-02,WH-A,2026-04-29
SO-10249,C-1008,Sand & Stone,Standard,Retail Store,Open,Yes,DXB-01,WH-B,2026-05-29
SO-10250,C-1003,Bloom Online,Standard,Wholesale,Open,No,AUH-02,WH-A,2026-05-11
SO-10251,C-1007,Cedar Home,Standard,Wholesale,Open,No,AUH-02,WH-B,2026-08-15
SO-10252,C-1002,Oasis Wholesale,Rush,Retail Store,Open,No,DXB-01,WH-A,2026-08-06
SO-10253,C-1008,Sand & Stone,Rush,Online,Open,No,DXB-01,WH-A,2026-06-25
SO-10254,C-1007,Cedar Home,Standard,Wholesale,Open,No,DXB-01,WH-B,2026-05-30
SO-10255,C-1004,Desert Gardens,Standard,Retail Store,Open,No,AUH-02,WH-A,2026-07-09
SO-10256,C-1003,Bloom Online,Standard,Retail Store,Open,No,AUH-02,WH-B,2026-08-13
SO-10257,C-1002,Oasis Wholesale,Standard,Online,Open,No,DXB-01,WH-A,2026-06-24
SO-10258,C-1001,Greenfield Retail,Standard,Online,Open,No,AUH-02,WH-A,2026-06-18
SO-10259,C-1004,Desert Gardens,Rush,Wholesale,Open,No,AUH-02,WH-B,2026-07-16
SO-10260,C-1007,Cedar Home,Rush,Retail Store,Open,No,DXB-01,WH-A,2026-06-17
SO-10261,C-1001,Greenfield Retail,Rush,Online,Open,No,DXB-01,WH-A,2026-06-02
SO-10262,C-1004,Desert Gardens,Rush,Retail Store,Open,No,DXB-01,WH-A,2026-06-13
SO-10263,C-1006,Nile Nursery,Rush,Wholesale,Open,No,AUH-02,WH-A,2026-05-29
SO-10264,C-1002,Oasis Wholesale,Rush,Retail Store,Cancelled,No,DXB-01,WH-A,2026-06-30
SO-10265,C-1006,Nile Nursery,Standard,Wholesale,Cancelled,No,DXB-01,WH-B,2026-05-24
SO-10266,C-1002,Oasis Wholesale,Standard,Online,Open,No,AUH-02,WH-B,2026-07-22
SO-10267,C-1006,Nile Nursery,Rush,Retail Store,Open,No,DXB-01,WH-B,2026-07-28
SO-10268,C-1007,Cedar Home,Standard,Wholesale,Open,No,DXB-01,WH-A,2026-04-29
SO-10269,C-1003,Bloom Online,Rush,Wholesale,Open,No,DXB-01,WH-B,2026-06-12
SO-10270,C-1005,Palm Grove,Rush,Retail Store,Open,No,DXB-01,WH-A,2026-05-07
SO-10271,C-1006,Nile Nursery,Standard,Wholesale,Open,No,AUH-02,WH-A,2026-08-19
SO-10272,C-1005,Palm Grove,Standard,Retail Store,Open,No,AUH-02,WH-B,2026-08-09
SO-10273,C-1002,Oasis Wholesale,Standard,Online,Open,No,AUH-02,WH-A,2026-05-08
SO-10274,C-1005,Palm Grove,Standard,Wholesale,Open,No,AUH-02,WH-B,2026-05-23
SO-10275,C-1002,Oasis Wholesale,Standard,Online,Open,Yes,AUH-02,WH-A,2026-04-29
SO-10276,C-1005,Palm Grove,Rush,Online,Open,No,AUH-02,WH-B,2026-06-28
SO-10277,C-1006,Nile Nursery,Rush,Retail Store,Open,No,AUH-02,WH-A,2026-06-15
SO-10278,C-1002,Oasis Wholesale,Standard,Wholesale,Open,No,AUH-02,WH-B,2026-08-03
SO-10279,C-1008,Sand & Stone,Standard,Online,Open,No,DXB-01,WH-B,2026-08-19
SO-10280,C-1003,Bloom Online,Rush,Retail Store,Open,No,AUH-02,WH-A,2026-08-10
SO-10281,C-1002,Oasis Wholesale,Rush,Retail Store,Open,No,AUH-02,WH-B,2026-06-01
SO-10282,C-1002,Oasis Wholesale,Rush,Retail Store,Open,No,DXB-01,WH-B,2026-05-17
SO-10283,C-1001,Greenfield Retail,Rush,Retail Store,Open,No,AUH-02,WH-B,2026-07-15
SO-10284,C-1001,Greenfield Retail,Standard,Wholesale,Open,No,AUH-02,WH-B,2026-07-26
SO-10285,C-1004,Desert Gardens,Rush,Retail Store,Open,No,AUH-02,WH-B,2026-08-16
SO-10286,C-1007,Cedar Home,Standard,Wholesale,Open,No,AUH-02,WH-B,2026-06-24
SO-10287,C-1003,Bloom Online,Standard,Wholesale,Open,No,DXB-01,WH-A,2026-07-02
SO-10288,C-1006,Nile Nursery,Rush,Wholesale,Open,No,DXB-01,WH-B,2026-06-26
SO-10289,C-1008,Sand & Stone,Rush,Retail Store,Open,No,AUH-02,WH-B,2026-06-15
SO-10290,C-1004,Desert Gardens,Rush,Retail Store,Open,No,DXB-01,WH-A,2026-08-16
SO-10291,C-1001,Greenfield Retail,Rush,Retail Store,Open,No,AUH-02,WH-B,2026-05-21
SO-10292,C-1005,Palm Grove,Rush,Wholesale,Cancelled,No,AUH-02,WH-A,2026-05-26
SO-10293,C-1005,Palm Grove,Standard,Online,Open,No,AUH-02,WH-A,2026-06-03
SO-10294,C-1001,Greenfield Retail,Rush,Wholesale,Open,No,AUH-02,WH-B,2026-06-08
SO-10295,C-1004,Desert Gardens,Rush,Online,Open,No,DXB-01,WH-B,2026-07-28
SO-10296,C-1003,Bloom Online,Standard,Wholesale,Open,No,AUH-02,WH-A,2026-05-15
SO-10297,C-1002,Oasis Wholesale,Standard,Online,Open,No,DXB-01,WH-A,2026-06-05
SO-10298,C-1003,Bloom Online,Rush,Retail Store,Open,No,AUH-02,WH-B,2026-05-05
SO-10299,C-1008,Sand & Stone,Standard,Online,Open,No,DXB-01,WH-B,2026-05-22
SO-10300,C-1008,Sand & Stone,Rush,Retail Store,Open,No,DXB-01,WH-B,2026-08-04
SO-10301,C-1006,Nile Nursery,Standard,Retail Store,Cancelled,No,AUH-02,WH-A,2026-07-06
SO-10302,C-1005,Palm Grove,Rush,Retail Store,Open,No,DXB-01,WH-A,2026-06-17
SO-10303,C-1006,Nile Nursery,Standard,Retail Store,Cancelled,No,DXB-01,WH-B,2026-08-22
SO-10304,C-1007,Cedar Home,Standard,Wholesale,Open,No,AUH-02,WH-A,2026-06-14
SO-10305,C-1002,Oasis Wholesale,Standard,Wholesale,Open,No,AUH-02,WH-B,2026-06-24
SO-10306,C-1003,Bloom Online,Standard,Online,Open,No,DXB-01,WH-A,2026-07-04
SO-10307,C-1004,Desert Gardens,Rush,Online,Open,No,AUH-02,WH-B,2026-08-13
SO-10308,C-1001,Greenfield Retail,Rush,Wholesale,Open,No,DXB-01,WH-A,2026-05-29
SO-10309,C-1005,Palm Grove,Rush,Wholesale,Open,No,DXB-01,WH-B,2026-05-08
SO-10310,C-1005,Palm Grove,Standard,Online,Open,No,AUH-02,WH-B,2026-08-18
SO-10311,C-1006,Nile Nursery,Standard,Online,Open,No,AUH-02,WH-B,2026-07-22
SO-10312,C-1005,Palm Grove,Standard,Online,Open,No,AUH-02,WH-B,2026-06-19
SO-10313,C-1003,Bloom Online,Rush,Retail Store,Open,No,AUH-02,WH-B,2026-07-30
SO-10314,C-1003,Bloom Online,Rush,Online,Open,No,AUH-02,WH-A,2026-07-16
SO-10315,C-1001,Greenfield Retail,Standard,Wholesale,Open,No,DXB-01,WH-B,2026-07-21
SO-10316,C-1003,Bloom Online,Standard,Wholesale,Open,No,DXB-01,WH-A,2026-07-24
SO-10317,C-1005,Palm Grove,Standard,Retail Store,Open,No,DXB-01,WH-B,2026-05-29
SO-10318,C-1008,Sand & Stone,Rush,Retail Store,Open,No,AUH-02,WH-B,2026-08-09
SO-10319,C-1002,Oasis Wholesale,Rush,Wholesale,Open,No,AUH-02,WH-A,2026-07-08
SO-10320,C-1008,Sand & Stone,Standard,Wholesale,Open,Yes,AUH-02,WH-B,2026-06-10
SO-10321,C-1006,Nile Nursery,Rush,Wholesale,Open,No,DXB-01,WH-A,2026-08-13
SO-10322,C-1004,Desert Gardens,Standard,Retail Store,Open,No,DXB-01,WH-B,2026-05-31
SO-10323,C-1003,Bloom Online,Rush,Online,Open,No,DXB-01,WH-A,2026-06-26
SO-10324,C-1002,Oasis Wholesale,Standard,Online,Open,No,AUH-02,WH-B,2026-08-11
SO-10325,C-1003,Bloom Online,Standard,Online,Open,No,AUH-02,WH-B,2026-08-10
SO-10326,C-1006,Nile Nursery,Rush,Wholesale,Open,No,DXB-01,WH-A,2026-07-29
SO-10327,C-1005,Palm Grove,Standard,Online,Cancelled,No,DXB-01,WH-A,2026-08-02
SO-10328,C-1005,Palm Grove,Rush,Wholesale,Open,No,AUH-02,WH-A,2026-06-02
SO-10329,C-1002,Oasis Wholesale,Rush,Wholesale,Open,No,DXB-01,WH-B,2026-08-11
SO-10330,C-1005,Palm Grove,Rush,Retail Store,Open,No,AUH-02,WH-A,2026-05-05
SO-10331,C-1003,Bloom Online,Rush,Retail Store,Cancelled,No,DXB-01,WH-B,2026-07-25
SO-10332,C-1003,Bloom Online,Rush,Retail Store,Open,No,DXB-01,WH-B,2026-06-10
SO-10333,C-1002,Oasis Wholesale,Rush,Wholesale,Open,No,DXB-01,WH-B,2026-05-27
SO-10334,C-1006,Nile Nursery,Rush,Online,Open,No,AUH-02,WH-B,2026-08-20
SO-10335,C-1004,Desert Gardens,Standard,Retail Store,Open,No,AUH-02,WH-B,2026-07-16
SO-10336,C-1006,Nile Nursery,Standard,Wholesale,Cancelled,No,AUH-02,WH-B,2026-08-23
SO-10337,C-1002,Oasis Wholesale,Standard,Retail Store,Open,No,DXB-01,WH-B,2026-07-06
SO-10338,C-1001,Greenfield Retail,Rush,Retail Store,Open,No,DXB-01,WH-A,2026-06-26
SO-10339,C-1007,Cedar Home,Standard,Online,Open,No,DXB-01,WH-B,2026-06-25
SO-10340,C-1002,Oasis Wholesale,Rush,Online,Open,No,AUH-02,WH-A,2026-08-25
SO-10341,C-1004,Desert Gardens,Standard,Retail Store,Open,No,AUH-02,WH-B,2026-05-19
SO-10342,C-1007,Cedar Home,Rush,Wholesale,Open,No,DXB-01,WH-B,2026-05-04
SO-10343,C-1003,Bloom Online,Rush,Retail Store,Open,No,DXB-01,WH-A,2026-08-15
SO-10344,C-1001,Greenfield Retail,Standard,Wholesale,Open,No,AUH-02,WH-A,2026-07-23
SO-10345,C-1004,Desert Gardens,Rush,Retail Store,Open,No,AUH-02,WH-A,2026-06-13
SO-10346,C-1006,Nile Nursery,Standard,Online,Cancelled,No,AUH-02,WH-A,2026-07-12
SO-10347,C-1003,Bloom Online,Rush,Wholesale,Open,No,AUH-02,WH-B,2026-08-14
SO-10348,C-1002,Oasis Wholesale,Standard,Online,Open,No,DXB-01,WH-A,2026-07-20
SO-10349,C-1005,Palm Grove,Standard,Wholesale,Open,No,AUH-02,WH-A,2026-05-26
SO-10350,C-1001,Greenfield Retail,Standard,Wholesale,Open,No,DXB-01,WH-A,2026-06-14
SO-10351,C-1006,Nile Nursery,Rush,Retail Store,Open,No,DXB-01,WH-B,2026-07-31
SO-10352,C-1007,Cedar Home,Rush,Online,Cancelled,No,AUH-02,WH-A,2026-08-23
SO-10353,C-1003,Bloom Online,Standard,Online,Open,No,AUH-02,WH-B,2026-06-01
SO-10354,C-1008,Sand & Stone,Standard,Online,Open,No,DXB-01,WH-A,2026-08-11
SO-10355,C-1003,Bloom Online,Rush,Online,Open,No,DXB-01,WH-A,2026-05-18
SO-10356,C-1001,Greenfield Retail,Standard,Retail Store,Open,No,DXB-01,WH-A,2026-05-19
SO-10357,C-1003,Bloom Online,Standard,Online,Open,No,DXB-01,WH-B,2026-05-17
SO-10358,C-1007,Cedar Home,Rush,Wholesale,Open,No,DXB-01,WH-A,2026-05-20
SO-10359,C-1002,Oasis Wholesale,Standard,Retail Store,Open,No,AUH-02,WH-B,2026-07-14
SO-10360,C-1003,Bloom Online,Standard,Online,Open,Yes,DXB-01,WH-A,2026-07-15
SO-10361,C-1007,Cedar Home,Standard,Retail Store,Open,No,AUH-02,WH-B,2026-08-18
SO-10362,C-1005,Palm Grove,Standard,Wholesale,Open,No,AUH-02,WH-B,2026-08-23
SO-10363,C-1007,Cedar Home,Rush,Online,Open,No,DXB-01,WH-A,2026-08-09
SO-10364,C-1004,Desert Gardens,Rush,Online,Open,No,AUH-02,WH-A,2026-06-03
SO-10365,C-1002,Oasis Wholesale,Standard,Wholesale,Open,No,DXB-01,WH-B,2026-06-18
SO-10366,C-1001,Greenfield Retail,Standard,Retail Store,Open,No,AUH-02,WH-A,2026-06-19
SO-10367,C-1002,Oasis Wholesale,Rush,Wholesale,Open,No,DXB-01,WH-B,2026-05-27
SO-10368,C-1005,Palm Grove,Standard,Retail Store,Open,No,DXB-01,WH-A,2026-04-30
SO-10369,C-1007,Cedar Home,Standard,Online,Open,No,AUH-02,WH-B,2026-05-10
SO-10370,C-1004,Desert Gardens,Standard,Wholesale,Open,No,DXB-01,WH-B,2026-08-11
SO-10371,C-1005,Palm Grove,Rush,Online,Open,No,DXB-01,WH-B,2026-05-08
SO-10372,C-1001,Greenfield Retail,Standard,Online,Cancelled,No,DXB-01,WH-B,2026-07-25
SO-10373,C-1004,Desert Gardens,Rush,Online,Open,No,DXB-01,WH-B,2026-08-13
SO-10374,C-1004,Desert Gardens,Standard,Wholesale,Open,No,AUH-02,WH-A,2026-06-08
SO-10375,C-1004,Desert Gardens,Standard,Retail Store,Open,No,AUH-02,WH-A,2026-05-25
SO-10376,C-1001,Greenfield Retail,Rush,Online,Open,No,AUH-02,WH-B,2026-04-29
SO-10377,C-1003,Bloom Online,Standard,Retail Store,Open,No,AUH-02,WH-B,2026-05-27
SO-10378,C-1006,Nile Nursery,Rush,Wholesale,Open,No,DXB-01,WH-A,2026-07-04
SO-10379,C-1004,Desert Gardens,Rush,Online,Open,No,AUH-02,WH-B,2026-07-08
SO-10380,C-1005,Palm Grove,Standard,Online,Open,No,DXB-01,WH-A,2026-08-16
SO-10381,C-1007,Cedar Home,Standard,Retail Store,Open,No,DXB-01,WH-A,2026-07-09
SO-10382,C-1006,Nile Nursery,Standard,Online,Open,No,AUH-02,WH-B,2026-05-16
SO-10383,C-1008,Sand & Stone,Rush,Wholesale,Open,No,DXB-01,WH-B,2026-05-26
SO-10384,C-1002,Oasis Wholesale,Rush,Online,Open,No,DXB-01,WH-A,2026-05-01
SO-10385,C-1007,Cedar Home,Standard,Wholesale,Open,No,AUH-02,WH-B,2026-06-25
SO-10386,C-1007,Cedar Home,Rush,Retail Store,Open,No,DXB-01,WH-A,2026-07-18
SO-10387,C-1005,Palm Grove,Standard,Online,Open,No,AUH-02,WH-B,2026-07-20
SO-10388,C-1002,Oasis Wholesale,Standard,Retail Store,Open,Yes,DXB-01,WH-B,2026-05-29
SO-10389,C-1002,Oasis Wholesale,Rush,Online,Open,No,DXB-01,WH-A,2026-08-04
SO-10390,C-1003,Bloom Online,Rush,Wholesale,Cancelled,No,DXB-01,WH-A,2026-07-18
SO-10391,C-1003,Bloom Online,Rush,Wholesale,Open,No,AUH-02,WH-B,2026-06-24
SO-10392,C-1006,Nile Nursery,Standard,Online,Open,No,AUH-02,WH-A,2026-06-24
SO-10393,C-1008,Sand & Stone,Standard,Online,Open,No,DXB-01,WH-B,2026-08-25
SO-10394,C-1007,Cedar Home,Rush,Online,Open,No,DXB-01,WH-A,2026-06-20
SO-10395,C-1005,Palm Grove,Standard,Online,Open,No,AUH-02,WH-B,2026-07-18
SO-10396,C-1008,Sand & Stone,Standard,Online,Open,No,AUH-02,WH-A,2026-05-13
SO-10397,C-1005,Palm Grove,Standard,Retail Store,Open,No,AUH-02,WH-A,2026-05-12
SO-10398,C-1005,Palm Grove,Standard,Online,Open,No,AUH-02,WH-B,2026-06-11
SO-10399,C-1002,Oasis Wholesale,Rush,Wholesale,Open,No,AUH-02,WH-A,2026-08-06
SO-10400,C-1004,Desert Gardens,Standard,Wholesale,Open,No,DXB-01,WH-A,2026-08-05
SO-10401,C-1002,Oasis Wholesale,Standard,Online,Open,No,AUH-02,WH-B,2026-05-19
SO-10402,C-1005,Palm Grove,Standard,Wholesale,Open,No,DXB-01,WH-B,2026-04-30
SO-10403,C-1006,Nile Nursery,Rush,Retail Store,Open,No,DXB-01,WH-A,2026-07-14
SO-10404,C-1003,Bloom Online,Rush,Online,Open,No,DXB-01,WH-B,2026-07-06
SO-10405,C-1005,Palm Grove,Rush,Retail Store,Open,No,AUH-02,WH-B,2026-07-30
SO-10406,C-1008,Sand & Stone,Rush,Online,Open,No,DXB-01,WH-A,2026-06-12
SO-10407,C-1007,Cedar Home,Rush,Wholesale,Open,No,DXB-01,WH-A,2026-04-29
SO-10408,C-1003,Bloom Online,Rush,Wholesale,Open,No,AUH-02,WH-B,2026-07-05
SO-10409,C-1001,Greenfield Retail,Rush,Retail Store,Open,No,DXB-01,WH-A,2026-07-22
SO-10410,C-1008,Sand & Stone,Standard,Wholesale,Open,No,AUH-02,WH-A,2026-07-11
SO-10411,C-1008,Sand & Stone,Rush,Wholesale,Open,No,DXB-01,WH-B,2026-06-30
SO-10412,C-1005,Palm Grove,Standard,Retail Store,Open,Yes,DXB-01,WH-A,2026-05-04
SO-10413,C-1007,Cedar Home,Rush,Wholesale,Open,No,DXB-01,WH-B,2026-07-18
SO-10414,C-1006,Nile Nursery,Rush,Wholesale,Open,No,DXB-01,WH-B,2026-07-08
SO-10415,C-1004,Desert Gardens,Rush,Wholesale,Open,No,DXB-01,WH-B,2026-06-09
SO-10416,C-1005,Palm Grove,Rush,Wholesale,Open,No,DXB-01,WH-A,2026-07-30
SO-10417,C-1001,Greenfield Retail,Rush,Wholesale,Open,Yes,AUH-02,WH-A,2026-05-26
SO-10418,C-1004,Desert Gardens,Rush,Retail Store,Open,Yes,AUH-02,WH-B,2026-08-20
SO-10419,C-1002,Oasis Wholesale,Rush,Wholesale,Open,No,AUH-02,WH-A,2026-05-21
SO-POISON,C-9999,Should Be Excluded,Standard,Wholesale,Cancelled,No,DXB-01,WH-A,2026-08-21
