item_number,reference,number,receipt,issue,physical_date,financial_date
SOIL-045,Sales order,SO-10000,0,19,2026-07-19 09:00:00,2026-07-19 09:00:00
HOSE-112,Sales order,SO-10000,0,2,2026-07-19 09:00:00,2026-07-19 09:00:00
PLANT-102,Sales order,SO-10000,0,3,2026-07-19 09:00:00,2026-07-19 09:00:00
POT-210,Sales order,SO-10001,0,23,2026-05-26 11:00:00,2026-05-26 11:00:00
TOOL-007,Sales order,SO-10002,0,12,2026-06-22 13:00:00,2026-06-22 13:00:00
SEED-331,Sales order,SO-10003,0,21,2026-07-15 12:00:00,2026-07-15 12:00:00
FERT-018,Sales order,SO-10004,0,4,2026-07-17 13:00:00,2026-07-17 13:00:00
SEED-331,Sales order,SO-10005,0,23,2026-06-16 12:00:00,2026-06-16 12:00:00
SOIL-045,Sales order,SO-10005,0,20,2026-06-16 12:00:00,2026-06-16 12:00:00
POT-210,Sales order,SO-10005,0,18,2026-06-16 12:00:00,2026-06-16 12:00:00
TOOL-007,Sales order,SO-10006,0,2,2026-07-31 11:00:00,2026-07-31 11:00:00
FERT-018,Sales order,SO-10006,0,2,2026-07-31 11:00:00,2026-07-31 11:00:00
TOOL-007,Sales order,SO-10006,0,13,2026-07-31 11:00:00,2026-07-31 11:00:00
TRAY-088,Sales order,SO-10007,0,5,2026-06-02 09:00:00,2026-06-02 09:00:00
SEED-331,Sales order,SO-10007,0,5,2026-06-02 09:00:00,2026-06-02 09:00:00
FERT-018,Sales order,SO-10007,0,24,2026-06-02 09:00:00,2026-06-02 09:00:00
TRAY-088,Sales order,SO-10008,0,3,2026-07-09 16:00:00,2026-07-09 16:00:00
PLANT-102,Sales order,SO-10008,0,4,2026-07-09 16:00:00,2026-07-09 16:00:00
POT-210,Sales order,SO-10008,0,21,2026-07-09 16:00:00,2026-07-09 16:00:00
SOIL-045,Sales order,SO-10009,0,22,2026-05-19 14:00:00,2026-05-19 14:00:00
SEED-331,Sales order,SO-10009,0,21,2026-05-19 14:00:00,2026-05-19 14:00:00
TOOL-007,Sales order,SO-10009,0,4,2026-05-19 14:00:00,2026-05-19 14:00:00
SOIL-045,Sales order,SO-10010,0,21,2026-06-05 14:00:00,2026-06-05 14:00:00
SEED-331,Sales order,SO-10010,0,21,2026-06-05 14:00:00,2026-06-05 14:00:00
FERT-018,Sales order,SO-10010,0,5,2026-06-05 14:00:00,2026-06-05 14:00:00
FERT-018,Sales order,SO-10011,0,2,2026-06-15 10:00:00,2026-06-15 10:00:00
FERT-018,Sales order,SO-10011,0,19,2026-06-15 10:00:00,2026-06-15 10:00:00
HOSE-112,Sales order,SO-10012,0,7,2026-05-09 09:00:00,2026-05-09 09:00:00
FERT-018,Sales order,SO-10012,0,23,2026-05-09 09:00:00,2026-05-09 09:00:00
PLANT-102,Sales order,SO-10013,0,19,2026-06-07 14:00:00,2026-06-07 14:00:00
FERT-018,Sales order,SO-10013,0,19,2026-06-07 14:00:00,2026-06-07 14:00:00
SOIL-045,Sales order,SO-10014,0,17,2026-05-27 08:00:00,2026-05-27 08:00:00
FERT-018,Sales order,SO-10014,0,9,2026-05-27 08:00:00,2026-05-27 08:00:00
FERT-018,Sales order,SO-10015,0,4,2026-07-23 15:00:00,2026-07-23 15:00:00
SOIL-045,Sales order,SO-10015,0,22,2026-07-23 15:00:00,2026-07-23 15:00:00
HOSE-112,Sales order,SO-10016,0,24,2026-06-23 13:00:00,2026-06-23 13:00:00
TRAY-088,Sales order,SO-10017,0,8,2026-06-11 09:00:00,2026-06-11 09:00:00
SOIL-045,Sales order,SO-10017,0,15,2026-06-11 09:00:00,2026-06-11 09:00:00
HOSE-112,Sales order,SO-10018,0,16,2026-08-10 16:00:00,2026-08-10 16:00:00
TRAY-088,Sales order,SO-10019,0,10,2026-06-29 11:00:00,2026-06-29 11:00:00
HOSE-112,Sales order,SO-10019,0,23,2026-06-29 11:00:00,2026-06-29 11:00:00
PLANT-102,Sales order,SO-10020,0,24,2026-07-31 16:00:00,2026-07-31 16:00:00
TOOL-007,Sales order,SO-10020,0,2,2026-07-31 16:00:00,2026-07-31 16:00:00
PLANT-102,Sales order,SO-10020,0,19,2026-07-31 16:00:00,2026-07-31 16:00:00
FERT-018,Sales order,SO-10021,0,13,2026-06-29 16:00:00,2026-06-29 16:00:00
SOIL-045,Sales order,SO-10021,0,19,2026-06-29 16:00:00,2026-06-29 16:00:00
FERT-018,Sales order,SO-10021,0,19,2026-06-29 16:00:00,2026-06-29 16:00:00
SEED-331,Sales order,SO-10022,0,13,2026-07-14 08:00:00,2026-07-14 08:00:00
FERT-018,Sales order,SO-10023,0,17,2026-05-15 12:00:00,2026-05-15 12:00:00
SEED-331,Sales order,SO-10024,0,20,2026-06-01 10:00:00,2026-06-01 10:00:00
PLANT-102,Sales order,SO-10024,0,22,2026-06-01 10:00:00,2026-06-01 10:00:00
SEED-331,Sales order,SO-10024,0,22,2026-06-01 10:00:00,2026-06-01 10:00:00
TOOL-007,Sales order,SO-10025,0,7,2026-05-12 10:00:00,2026-05-12 10:00:00
SEED-331,Sales order,SO-10025,0,17,2026-05-12 10:00:00,2026-05-12 10:00:00
TRAY-088,Sales order,SO-10025,0,9,2026-05-12 10:00:00,2026-05-12 10:00:00
SEED-331,Sales order,SO-10026,0,6,2026-08-22 08:00:00,2026-08-22 08:00:00
PLANT-102,Sales order,SO-10027,0,12,2026-08-01 15:00:00,2026-08-01 15:00:00
POT-210,Sales order,SO-10027,0,14,2026-08-01 15:00:00,2026-08-01 15:00:00
POT-210,Sales order,SO-10027,0,2,2026-08-01 15:00:00,2026-08-01 15:00:00
HOSE-112,Sales order,SO-10028,0,20,2026-06-07 13:00:00,2026-06-07 13:00:00
POT-210,Sales order,SO-10028,0,8,2026-06-07 13:00:00,2026-06-07 13:00:00
POT-210,Sales order,SO-10028,0,6,2026-06-07 13:00:00,2026-06-07 13:00:00
POT-210,Sales order,SO-10029,0,23,2026-08-19 14:00:00,2026-08-19 14:00:00
SOIL-045,Sales order,SO-10029,0,13,2026-08-19 14:00:00,2026-08-19 14:00:00
PLANT-102,Sales order,SO-10030,0,22,2026-08-18 08:00:00,2026-08-18 08:00:00
TOOL-007,Sales order,SO-10031,0,1,2026-05-23 14:00:00,2026-05-23 14:00:00
SOIL-045,Sales order,SO-10031,0,9,2026-05-23 14:00:00,2026-05-23 14:00:00
POT-210,Sales order,SO-10031,0,19,2026-05-23 14:00:00,2026-05-23 14:00:00
SOIL-045,Sales order,SO-10032,0,13,2026-06-01 08:00:00,2026-06-01 08:00:00
FERT-018,Sales order,SO-10032,0,9,2026-06-01 08:00:00,2026-06-01 08:00:00
TOOL-007,Sales order,SO-10033,0,22,2026-05-04 14:00:00,2026-05-04 14:00:00
SOIL-045,Sales order,SO-10033,0,24,2026-05-04 14:00:00,2026-05-04 14:00:00
SEED-331,Sales order,SO-10033,0,17,2026-05-04 14:00:00,2026-05-04 14:00:00
POT-210,Sales order,SO-10034,0,20,2026-06-07 14:00:00,2026-06-07 14:00:00
SEED-331,Sales order,SO-10034,0,13,2026-06-07 14:00:00,2026-06-07 14:00:00
PLANT-102,Sales order,SO-10034,0,10,2026-06-07 14:00:00,2026-06-07 14:00:00
TRAY-088,Sales order,SO-10035,0,24,2026-06-04 11:00:00,2026-06-04 11:00:00
POT-210,Sales order,SO-10035,0,22,2026-06-04 11:00:00,2026-06-04 11:00:00
SOIL-045,Sales order,SO-10035,0,10,2026-06-04 11:00:00,2026-06-04 11:00:00
PLANT-102,Sales order,SO-10036,0,2,2026-07-03 17:00:00,2026-07-03 17:00:00
HOSE-112,Sales order,SO-10037,0,8,2026-05-30 15:00:00,2026-05-30 15:00:00
POT-210,Sales order,SO-10037,0,21,2026-05-30 15:00:00,2026-05-30 15:00:00
FERT-018,Sales order,SO-10038,0,4,2026-07-26 08:00:00,2026-07-26 08:00:00
TRAY-088,Sales order,SO-10039,0,6,2026-06-26 10:00:00,2026-06-26 10:00:00
TRAY-088,Sales order,SO-10039,0,15,2026-06-26 10:00:00,2026-06-26 10:00:00
SEED-331,Sales order,SO-10039,0,8,2026-06-26 10:00:00,2026-06-26 10:00:00
SEED-331,Sales order,SO-10040,0,11,2026-08-14 12:00:00,2026-08-14 12:00:00
FERT-018,Sales order,SO-10041,0,3,2026-06-08 16:00:00,2026-06-08 16:00:00
HOSE-112,Sales order,SO-10041,0,14,2026-06-08 16:00:00,2026-06-08 16:00:00
TOOL-007,Sales order,SO-10041,0,18,2026-06-08 16:00:00,2026-06-08 16:00:00
HOSE-112,Sales order,SO-10042,0,16,2026-06-27 14:00:00,2026-06-27 14:00:00
PLANT-102,Sales order,SO-10042,0,12,2026-06-27 14:00:00,2026-06-27 14:00:00
SEED-331,Sales order,SO-10042,0,13,2026-06-27 14:00:00,2026-06-27 14:00:00
TOOL-007,Sales order,SO-10043,0,22,2026-08-16 14:00:00,2026-08-16 14:00:00
HOSE-112,Sales order,SO-10043,0,24,2026-08-16 14:00:00,2026-08-16 14:00:00
HOSE-112,Sales order,SO-10044,0,5,2026-05-20 15:00:00,2026-05-20 15:00:00
TOOL-007,Sales order,SO-10045,0,13,2026-08-17 15:00:00,2026-08-17 15:00:00
SEED-331,Sales order,SO-10045,0,14,2026-08-17 15:00:00,2026-08-17 15:00:00
PLANT-102,Sales order,SO-10046,0,1,2026-05-31 09:00:00,2026-05-31 09:00:00
FERT-018,Sales order,SO-10046,0,7,2026-05-31 09:00:00,2026-05-31 09:00:00
PLANT-102,Sales order,SO-10046,0,20,2026-05-31 09:00:00,2026-05-31 09:00:00
POT-210,Sales order,SO-10047,0,20,2026-05-18 11:00:00,2026-05-18 11:00:00
SOIL-045,Sales order,SO-10047,0,6,2026-05-18 11:00:00,2026-05-18 11:00:00
FERT-018,Sales order,SO-10048,0,4,2026-06-07 09:00:00,2026-06-07 09:00:00
TOOL-007,Sales order,SO-10049,0,1,2026-07-27 12:00:00,2026-07-27 12:00:00
POT-210,Sales order,SO-10050,0,14,2026-08-15 14:00:00,2026-08-15 14:00:00
POT-210,Sales order,SO-10050,0,24,2026-08-15 14:00:00,2026-08-15 14:00:00
SEED-331,Sales order,SO-10050,0,20,2026-08-15 14:00:00,2026-08-15 14:00:00
SEED-331,Sales order,SO-10051,0,15,2026-08-10 16:00:00,2026-08-10 16:00:00
FERT-018,Sales order,SO-10052,0,12,2026-05-30 15:00:00,2026-05-30 15:00:00
SEED-331,Sales order,SO-10052,0,11,2026-05-30 15:00:00,2026-05-30 15:00:00
FERT-018,Sales order,SO-10053,0,23,2026-06-03 17:00:00,2026-06-03 17:00:00
TRAY-088,Sales order,SO-10053,0,21,2026-06-03 17:00:00,2026-06-03 17:00:00
TOOL-007,Sales order,SO-10054,0,16,2026-07-29 15:00:00,2026-07-29 15:00:00
TOOL-007,Sales order,SO-10054,0,14,2026-07-29 15:00:00,2026-07-29 15:00:00
FERT-018,Sales order,SO-10055,0,11,2026-08-02 16:00:00,2026-08-02 16:00:00
FERT-018,Sales order,SO-10056,0,10,2026-05-14 16:00:00,2026-05-14 16:00:00
SEED-331,Sales order,SO-10057,0,23,2026-05-28 13:00:00,2026-05-28 13:00:00
POT-210,Sales order,SO-10057,0,21,2026-05-28 13:00:00,2026-05-28 13:00:00
TRAY-088,Sales order,SO-10057,0,4,2026-05-28 13:00:00,2026-05-28 13:00:00
TRAY-088,Sales order,SO-10058,0,4,2026-08-18 08:00:00,2026-08-18 08:00:00
SOIL-045,Sales order,SO-10058,0,13,2026-08-18 08:00:00,2026-08-18 08:00:00
HOSE-112,Sales order,SO-10059,0,20,2026-06-30 09:00:00,2026-06-30 09:00:00
HOSE-112,Sales order,SO-10060,0,10,2026-07-14 17:00:00,2026-07-14 17:00:00
PLANT-102,Sales order,SO-10060,0,20,2026-07-14 17:00:00,2026-07-14 17:00:00
SOIL-045,Sales order,SO-10060,0,7,2026-07-14 17:00:00,2026-07-14 17:00:00
PLANT-102,Sales order,SO-10061,0,14,2026-07-18 11:00:00,2026-07-18 11:00:00
TRAY-088,Sales order,SO-10062,0,3,2026-06-25 17:00:00,2026-06-25 17:00:00
FERT-018,Sales order,SO-10062,0,9,2026-06-25 17:00:00,2026-06-25 17:00:00
FERT-018,Sales order,SO-10062,0,14,2026-06-25 17:00:00,2026-06-25 17:00:00
POT-210,Sales order,SO-10063,0,10,2026-05-13 16:00:00,2026-05-13 16:00:00
TRAY-088,Sales order,SO-10064,0,15,2026-07-14 17:00:00,2026-07-14 17:00:00
SOIL-045,Sales order,SO-10064,0,20,2026-07-14 17:00:00,2026-07-14 17:00:00
SEED-331,Sales order,SO-10065,0,19,2026-05-04 14:00:00,2026-05-04 14:00:00
PLANT-102,Sales order,SO-10065,0,6,2026-05-04 14:00:00,2026-05-04 14:00:00
TRAY-088,Sales order,SO-10065,0,17,2026-05-04 14:00:00,2026-05-04 14:00:00
HOSE-112,Sales order,SO-10066,0,11,2026-07-21 15:00:00,2026-07-21 15:00:00
TOOL-007,Sales order,SO-10066,0,22,2026-07-21 15:00:00,2026-07-21 15:00:00
PLANT-102,Sales order,SO-10067,0,15,2026-05-12 10:00:00,2026-05-12 10:00:00
SOIL-045,Sales order,SO-10067,0,11,2026-05-12 10:00:00,2026-05-12 10:00:00
SEED-331,Sales order,SO-10067,0,11,2026-05-12 10:00:00,2026-05-12 10:00:00
TRAY-088,Sales order,SO-10068,0,21,2026-05-13 14:00:00,2026-05-13 14:00:00
TRAY-088,Sales order,SO-10068,0,2,2026-05-13 14:00:00,2026-05-13 14:00:00
FERT-018,Sales order,SO-10068,0,9,2026-05-13 14:00:00,2026-05-13 14:00:00
POT-210,Sales order,SO-10069,0,10,2026-07-08 10:00:00,2026-07-08 10:00:00
PLANT-102,Sales order,SO-10069,0,18,2026-07-08 10:00:00,2026-07-08 10:00:00
HOSE-112,Sales order,SO-10069,0,3,2026-07-08 10:00:00,2026-07-08 10:00:00
SEED-331,Sales order,SO-10070,0,14,2026-05-27 09:00:00,2026-05-27 09:00:00
TRAY-088,Sales order,SO-10070,0,16,2026-05-27 09:00:00,2026-05-27 09:00:00
FERT-018,Sales order,SO-10070,0,15,2026-05-27 09:00:00,2026-05-27 09:00:00
SEED-331,Sales order,SO-10071,0,1,2026-07-08 10:00:00,2026-07-08 10:00:00
SEED-331,Sales order,SO-10071,0,24,2026-07-08 10:00:00,2026-07-08 10:00:00
TOOL-007,Sales order,SO-10072,0,7,2026-06-06 17:00:00,2026-06-06 17:00:00
FERT-018,Sales order,SO-10072,0,19,2026-06-06 17:00:00,2026-06-06 17:00:00
POT-210,Sales order,SO-10073,0,16,2026-06-17 11:00:00,2026-06-17 11:00:00
PLANT-102,Sales order,SO-10073,0,5,2026-06-17 11:00:00,2026-06-17 11:00:00
POT-210,Sales order,SO-10074,0,14,2026-07-02 17:00:00,2026-07-02 17:00:00
SOIL-045,Sales order,SO-10075,0,11,2026-08-18 10:00:00,2026-08-18 10:00:00
HOSE-112,Sales order,SO-10075,0,11,2026-08-18 10:00:00,2026-08-18 10:00:00
TRAY-088,Sales order,SO-10075,0,18,2026-08-18 10:00:00,2026-08-18 10:00:00
SOIL-045,Sales order,SO-10076,0,15,2026-05-03 17:00:00,2026-05-03 17:00:00
POT-210,Sales order,SO-10077,0,8,2026-05-20 12:00:00,2026-05-20 12:00:00
HOSE-112,Sales order,SO-10077,0,19,2026-05-20 12:00:00,2026-05-20 12:00:00
POT-210,Sales order,SO-10078,0,8,2026-07-25 10:00:00,2026-07-25 10:00:00
TRAY-088,Sales order,SO-10078,0,21,2026-07-25 10:00:00,2026-07-25 10:00:00
TRAY-088,Sales order,SO-10079,0,12,2026-05-31 15:00:00,2026-05-31 15:00:00
TRAY-088,Sales order,SO-10080,0,4,2026-07-13 12:00:00,2026-07-13 12:00:00
FERT-018,Sales order,SO-10080,0,13,2026-07-13 12:00:00,2026-07-13 12:00:00
PLANT-102,Sales order,SO-10081,0,19,2026-07-11 13:00:00,2026-07-11 13:00:00
PLANT-102,Sales order,SO-10081,0,20,2026-07-11 13:00:00,2026-07-11 13:00:00
POT-210,Sales order,SO-10082,0,21,2026-08-02 15:00:00,2026-08-02 15:00:00
SOIL-045,Sales order,SO-10082,0,21,2026-08-02 15:00:00,2026-08-02 15:00:00
PLANT-102,Sales order,SO-10082,0,10,2026-08-02 15:00:00,2026-08-02 15:00:00
HOSE-112,Sales order,SO-10083,0,6,2026-08-07 15:00:00,2026-08-07 15:00:00
FERT-018,Sales order,SO-10083,0,5,2026-08-07 15:00:00,2026-08-07 15:00:00
TOOL-007,Sales order,SO-10084,0,4,2026-08-07 16:00:00,2026-08-07 16:00:00
TRAY-088,Sales order,SO-10084,0,3,2026-08-07 16:00:00,2026-08-07 16:00:00
SOIL-045,Sales order,SO-10085,0,15,2026-05-17 11:00:00,2026-05-17 11:00:00
TOOL-007,Sales order,SO-10085,0,22,2026-05-17 11:00:00,2026-05-17 11:00:00
TOOL-007,Sales order,SO-10086,0,20,2026-08-02 12:00:00,2026-08-02 12:00:00
SEED-331,Sales order,SO-10087,0,16,2026-05-27 09:00:00,2026-05-27 09:00:00
POT-210,Sales order,SO-10088,0,14,2026-05-13 09:00:00,2026-05-13 09:00:00
SOIL-045,Sales order,SO-10088,0,16,2026-05-13 09:00:00,2026-05-13 09:00:00
HOSE-112,Sales order,SO-10088,0,9,2026-05-13 09:00:00,2026-05-13 09:00:00
TOOL-007,Sales order,SO-10089,0,18,2026-05-03 13:00:00,2026-05-03 13:00:00
TOOL-007,Sales order,SO-10089,0,2,2026-05-03 13:00:00,2026-05-03 13:00:00
HOSE-112,Sales order,SO-10089,0,9,2026-05-03 13:00:00,2026-05-03 13:00:00
POT-210,Sales order,SO-10090,0,19,2026-05-23 09:00:00,2026-05-23 09:00:00
PLANT-102,Sales order,SO-10091,0,9,2026-05-25 09:00:00,2026-05-25 09:00:00
POT-210,Sales order,SO-10091,0,5,2026-05-25 09:00:00,2026-05-25 09:00:00
SEED-331,Sales order,SO-10091,0,6,2026-05-25 09:00:00,2026-05-25 09:00:00
SEED-331,Sales order,SO-10092,0,2,2026-05-13 08:00:00,2026-05-13 08:00:00
SOIL-045,Sales order,SO-10093,0,15,2026-05-15 14:00:00,2026-05-15 14:00:00
FERT-018,Sales order,SO-10093,0,20,2026-05-15 14:00:00,2026-05-15 14:00:00
PLANT-102,Sales order,SO-10093,0,24,2026-05-15 14:00:00,2026-05-15 14:00:00
SOIL-045,Sales order,SO-10094,0,16,2026-08-07 16:00:00,2026-08-07 16:00:00
TRAY-088,Sales order,SO-10094,0,3,2026-08-07 16:00:00,2026-08-07 16:00:00
SEED-331,Sales order,SO-10095,0,15,2026-08-22 09:00:00,2026-08-22 09:00:00
HOSE-112,Sales order,SO-10095,0,4,2026-08-22 09:00:00,2026-08-22 09:00:00
HOSE-112,Sales order,SO-10096,0,24,2026-08-08 09:00:00,2026-08-08 09:00:00
SOIL-045,Sales order,SO-10096,0,11,2026-08-08 09:00:00,2026-08-08 09:00:00
HOSE-112,Sales order,SO-10097,0,4,2026-06-22 13:00:00,2026-06-22 13:00:00
HOSE-112,Sales order,SO-10098,0,24,2026-08-02 13:00:00,2026-08-02 13:00:00
PLANT-102,Sales order,SO-10098,0,10,2026-08-02 13:00:00,2026-08-02 13:00:00
TOOL-007,Sales order,SO-10099,0,18,2026-07-14 12:00:00,2026-07-14 12:00:00
SEED-331,Sales order,SO-10100,0,1,2026-06-15 09:00:00,2026-06-15 09:00:00
POT-210,Sales order,SO-10100,0,9,2026-06-15 09:00:00,2026-06-15 09:00:00
SEED-331,Sales order,SO-10100,0,11,2026-06-15 09:00:00,2026-06-15 09:00:00
FERT-018,Sales order,SO-10101,0,13,2026-06-12 08:00:00,2026-06-12 08:00:00
POT-210,Sales order,SO-10102,0,6,2026-06-21 15:00:00,2026-06-21 15:00:00
TRAY-088,Sales order,SO-10103,0,14,2026-08-03 17:00:00,2026-08-03 17:00:00
SEED-331,Sales order,SO-10103,0,7,2026-08-03 17:00:00,2026-08-03 17:00:00
SEED-331,Sales order,SO-10104,0,2,2026-08-03 16:00:00,2026-08-03 16:00:00
FERT-018,Sales order,SO-10104,0,13,2026-08-03 16:00:00,2026-08-03 16:00:00
PLANT-102,Sales order,SO-10104,0,1,2026-08-03 16:00:00,2026-08-03 16:00:00
HOSE-112,Sales order,SO-10105,0,6,2026-05-25 12:00:00,2026-05-25 12:00:00
POT-210,Sales order,SO-10105,0,13,2026-05-25 12:00:00,2026-05-25 12:00:00
TOOL-007,Sales order,SO-10106,0,19,2026-07-06 11:00:00,2026-07-06 11:00:00
POT-210,Sales order,SO-10107,0,20,2026-06-22 17:00:00,2026-06-22 17:00:00
TRAY-088,Sales order,SO-10107,0,23,2026-06-22 17:00:00,2026-06-22 17:00:00
SOIL-045,Sales order,SO-10108,0,13,2026-08-24 13:00:00,2026-08-24 13:00:00
SEED-331,Sales order,SO-10108,0,24,2026-08-24 13:00:00,2026-08-24 13:00:00
TOOL-007,Sales order,SO-10108,0,8,2026-08-24 13:00:00,2026-08-24 13:00:00
POT-210,Sales order,SO-10109,0,8,2026-06-10 10:00:00,2026-06-10 10:00:00
SOIL-045,Sales order,SO-10109,0,5,2026-06-10 10:00:00,2026-06-10 10:00:00
TRAY-088,Sales order,SO-10110,0,22,2026-05-31 11:00:00,2026-05-31 11:00:00
TOOL-007,Sales order,SO-10110,0,21,2026-05-31 11:00:00,2026-05-31 11:00:00
PLANT-102,Sales order,SO-10111,0,12,2026-06-08 10:00:00,2026-06-08 10:00:00
SOIL-045,Sales order,SO-10111,0,10,2026-06-08 10:00:00,2026-06-08 10:00:00
TRAY-088,Sales order,SO-10111,0,15,2026-06-08 10:00:00,2026-06-08 10:00:00
PLANT-102,Sales order,SO-10112,0,15,2026-05-03 08:00:00,2026-05-03 08:00:00
FERT-018,Sales order,SO-10112,0,11,2026-05-03 08:00:00,2026-05-03 08:00:00
SOIL-045,Sales order,SO-10113,0,17,2026-07-15 15:00:00,2026-07-15 15:00:00
POT-210,Sales order,SO-10113,0,2,2026-07-15 15:00:00,2026-07-15 15:00:00
FERT-018,Sales order,SO-10113,0,23,2026-07-15 15:00:00,2026-07-15 15:00:00
PLANT-102,Sales order,SO-10114,0,21,2026-06-24 15:00:00,2026-06-24 15:00:00
TOOL-007,Sales order,SO-10114,0,3,2026-06-24 15:00:00,2026-06-24 15:00:00
TOOL-007,Sales order,SO-10114,0,4,2026-06-24 15:00:00,2026-06-24 15:00:00
SEED-331,Sales order,SO-10115,0,21,2026-07-09 14:00:00,2026-07-09 14:00:00
HOSE-112,Sales order,SO-10115,0,5,2026-07-09 14:00:00,2026-07-09 14:00:00
HOSE-112,Sales order,SO-10116,0,17,2026-07-14 09:00:00,2026-07-14 09:00:00
TOOL-007,Sales order,SO-10116,0,1,2026-07-14 09:00:00,2026-07-14 09:00:00
TOOL-007,Sales order,SO-10116,0,10,2026-07-14 09:00:00,2026-07-14 09:00:00
SEED-331,Sales order,SO-10117,0,4,2026-05-22 11:00:00,2026-05-22 11:00:00
POT-210,Sales order,SO-10118,0,23,2026-07-02 16:00:00,2026-07-02 16:00:00
SEED-331,Sales order,SO-10119,0,24,2026-08-05 17:00:00,2026-08-05 17:00:00
TRAY-088,Sales order,SO-10119,0,8,2026-08-05 17:00:00,2026-08-05 17:00:00
SEED-331,Sales order,SO-10120,0,13,2026-07-06 11:00:00,2026-07-06 11:00:00
HOSE-112,Sales order,SO-10120,0,6,2026-07-06 11:00:00,2026-07-06 11:00:00
SOIL-045,Sales order,SO-10121,0,10,2026-08-11 11:00:00,2026-08-11 11:00:00
SOIL-045,Sales order,SO-10121,0,6,2026-08-11 11:00:00,2026-08-11 11:00:00
SEED-331,Sales order,SO-10121,0,15,2026-08-11 11:00:00,2026-08-11 11:00:00
HOSE-112,Sales order,SO-10122,0,2,2026-08-22 16:00:00,2026-08-22 16:00:00
SOIL-045,Sales order,SO-10123,0,23,2026-06-18 16:00:00,2026-06-18 16:00:00
TOOL-007,Sales order,SO-10123,0,5,2026-06-18 16:00:00,2026-06-18 16:00:00
PLANT-102,Sales order,SO-10124,0,9,2026-05-16 08:00:00,2026-05-16 08:00:00
HOSE-112,Sales order,SO-10125,0,21,2026-05-26 10:00:00,2026-05-26 10:00:00
FERT-018,Sales order,SO-10126,0,23,2026-08-08 17:00:00,2026-08-08 17:00:00
POT-210,Sales order,SO-10126,0,10,2026-08-08 17:00:00,2026-08-08 17:00:00
HOSE-112,Sales order,SO-10126,0,1,2026-08-08 17:00:00,2026-08-08 17:00:00
TOOL-007,Sales order,SO-10127,0,3,2026-07-16 13:00:00,2026-07-16 13:00:00
PLANT-102,Sales order,SO-10127,0,13,2026-07-16 13:00:00,2026-07-16 13:00:00
TRAY-088,Sales order,SO-10127,0,2,2026-07-16 13:00:00,2026-07-16 13:00:00
SOIL-045,Sales order,SO-10128,0,19,2026-07-19 14:00:00,2026-07-19 14:00:00
TRAY-088,Sales order,SO-10129,0,23,2026-08-01 13:00:00,2026-08-01 13:00:00
TRAY-088,Sales order,SO-10129,0,21,2026-08-01 13:00:00,2026-08-01 13:00:00
POT-210,Sales order,SO-10129,0,5,2026-08-01 13:00:00,2026-08-01 13:00:00
SEED-331,Sales order,SO-10130,0,17,2026-05-07 15:00:00,2026-05-07 15:00:00
HOSE-112,Sales order,SO-10130,0,18,2026-05-07 15:00:00,2026-05-07 15:00:00
TOOL-007,Sales order,SO-10131,0,9,2026-06-28 12:00:00,2026-06-28 12:00:00
SOIL-045,Sales order,SO-10131,0,12,2026-06-28 12:00:00,2026-06-28 12:00:00
HOSE-112,Sales order,SO-10131,0,13,2026-06-28 12:00:00,2026-06-28 12:00:00
SEED-331,Sales order,SO-10132,0,3,2026-08-02 15:00:00,2026-08-02 15:00:00
HOSE-112,Sales order,SO-10132,0,3,2026-08-02 15:00:00,2026-08-02 15:00:00
HOSE-112,Sales order,SO-10132,0,20,2026-08-02 15:00:00,2026-08-02 15:00:00
TRAY-088,Sales order,SO-10133,0,20,2026-08-12 10:00:00,2026-08-12 10:00:00
HOSE-112,Sales order,SO-10133,0,6,2026-08-12 10:00:00,2026-08-12 10:00:00
PLANT-102,Sales order,SO-10134,0,3,2026-07-26 15:00:00,2026-07-26 15:00:00
HOSE-112,Sales order,SO-10134,0,12,2026-07-26 15:00:00,2026-07-26 15:00:00
TOOL-007,Sales order,SO-10135,0,12,2026-07-03 10:00:00,2026-07-03 10:00:00
HOSE-112,Sales order,SO-10135,0,19,2026-07-03 10:00:00,2026-07-03 10:00:00
PLANT-102,Sales order,SO-10135,0,20,2026-07-03 10:00:00,2026-07-03 10:00:00
TOOL-007,Sales order,SO-10136,0,21,2026-05-18 15:00:00,2026-05-18 15:00:00
SEED-331,Sales order,SO-10136,0,8,2026-05-18 15:00:00,2026-05-18 15:00:00
TRAY-088,Sales order,SO-10137,0,7,2026-05-13 08:00:00,2026-05-13 08:00:00
SEED-331,Sales order,SO-10137,0,23,2026-05-13 08:00:00,2026-05-13 08:00:00
TRAY-088,Sales order,SO-10137,0,7,2026-05-13 08:00:00,2026-05-13 08:00:00
TOOL-007,Sales order,SO-10138,0,23,2026-05-14 10:00:00,2026-05-14 10:00:00
SOIL-045,Sales order,SO-10138,0,18,2026-05-14 10:00:00,2026-05-14 10:00:00
SEED-331,Sales order,SO-10138,0,10,2026-05-14 10:00:00,2026-05-14 10:00:00
TRAY-088,Sales order,SO-10139,0,1,2026-08-15 10:00:00,2026-08-15 10:00:00
TRAY-088,Sales order,SO-10140,0,17,2026-06-14 16:00:00,2026-06-14 16:00:00
HOSE-112,Sales order,SO-10140,0,14,2026-06-14 16:00:00,2026-06-14 16:00:00
SOIL-045,Sales order,SO-10140,0,5,2026-06-14 16:00:00,2026-06-14 16:00:00
HOSE-112,Sales order,SO-10141,0,17,2026-06-08 09:00:00,2026-06-08 09:00:00
FERT-018,Sales order,SO-10142,0,12,2026-08-23 08:00:00,2026-08-23 08:00:00
SEED-331,Sales order,SO-10142,0,3,2026-08-23 08:00:00,2026-08-23 08:00:00
SEED-331,Sales order,SO-10142,0,7,2026-08-23 08:00:00,2026-08-23 08:00:00
POT-210,Sales order,SO-10143,0,6,2026-07-19 16:00:00,2026-07-19 16:00:00
TOOL-007,Sales order,SO-10143,0,19,2026-07-19 16:00:00,2026-07-19 16:00:00
PLANT-102,Sales order,SO-10143,0,1,2026-07-19 16:00:00,2026-07-19 16:00:00
SEED-331,Sales order,SO-10144,0,21,2026-05-09 08:00:00,2026-05-09 08:00:00
SEED-331,Sales order,SO-10144,0,16,2026-05-09 08:00:00,2026-05-09 08:00:00
TRAY-088,Sales order,SO-10145,0,7,2026-05-30 14:00:00,2026-05-30 14:00:00
TOOL-007,Sales order,SO-10145,0,20,2026-05-30 14:00:00,2026-05-30 14:00:00
SOIL-045,Sales order,SO-10146,0,11,2026-05-17 13:00:00,2026-05-17 13:00:00
FERT-018,Sales order,SO-10146,0,15,2026-05-17 13:00:00,2026-05-17 13:00:00
SOIL-045,Sales order,SO-10146,0,9,2026-05-17 13:00:00,2026-05-17 13:00:00
POT-210,Sales order,SO-10147,0,11,2026-06-25 11:00:00,2026-06-25 11:00:00
SEED-331,Sales order,SO-10148,0,16,2026-08-26 17:00:00,2026-08-26 17:00:00
PLANT-102,Sales order,SO-10148,0,3,2026-08-26 17:00:00,2026-08-26 17:00:00
TRAY-088,Sales order,SO-10149,0,10,2026-06-18 16:00:00,2026-06-18 16:00:00
PLANT-102,Sales order,SO-10149,0,4,2026-06-18 16:00:00,2026-06-18 16:00:00
FERT-018,Sales order,SO-10150,0,12,2026-06-23 10:00:00,2026-06-23 10:00:00
SOIL-045,Sales order,SO-10151,0,13,2026-07-08 12:00:00,2026-07-08 12:00:00
POT-210,Sales order,SO-10152,0,23,2026-06-15 13:00:00,2026-06-15 13:00:00
HOSE-112,Sales order,SO-10153,0,20,2026-06-10 15:00:00,2026-06-10 15:00:00
TOOL-007,Sales order,SO-10154,0,22,2026-08-01 12:00:00,2026-08-01 12:00:00
SOIL-045,Sales order,SO-10154,0,14,2026-08-01 12:00:00,2026-08-01 12:00:00
PLANT-102,Sales order,SO-10155,0,19,2026-07-12 12:00:00,2026-07-12 12:00:00
TRAY-088,Sales order,SO-10155,0,6,2026-07-12 12:00:00,2026-07-12 12:00:00
HOSE-112,Sales order,SO-10155,0,5,2026-07-12 12:00:00,2026-07-12 12:00:00
POT-210,Sales order,SO-10156,0,14,2026-08-12 11:00:00,2026-08-12 11:00:00
FERT-018,Sales order,SO-10156,0,14,2026-08-12 11:00:00,2026-08-12 11:00:00
TRAY-088,Sales order,SO-10157,0,17,2026-07-02 17:00:00,2026-07-02 17:00:00
HOSE-112,Sales order,SO-10157,0,11,2026-07-02 17:00:00,2026-07-02 17:00:00
POT-210,Sales order,SO-10157,0,15,2026-07-02 17:00:00,2026-07-02 17:00:00
SEED-331,Sales order,SO-10158,0,18,2026-08-23 16:00:00,2026-08-23 16:00:00
SEED-331,Sales order,SO-10159,0,10,2026-06-06 11:00:00,2026-06-06 11:00:00
SOIL-045,Sales order,SO-10159,0,19,2026-06-06 11:00:00,2026-06-06 11:00:00
HOSE-112,Sales order,SO-10159,0,13,2026-06-06 11:00:00,2026-06-06 11:00:00
TRAY-088,Sales order,SO-10160,0,21,2026-08-11 13:00:00,2026-08-11 13:00:00
SEED-331,Sales order,SO-10160,0,24,2026-08-11 13:00:00,2026-08-11 13:00:00
PLANT-102,Sales order,SO-10161,0,22,2026-06-29 11:00:00,2026-06-29 11:00:00
TRAY-088,Sales order,SO-10162,0,4,2026-08-22 16:00:00,2026-08-22 16:00:00
POT-210,Sales order,SO-10162,0,1,2026-08-22 16:00:00,2026-08-22 16:00:00
POT-210,Sales order,SO-10162,0,14,2026-08-22 16:00:00,2026-08-22 16:00:00
FERT-018,Sales order,SO-10163,0,18,2026-07-21 15:00:00,2026-07-21 15:00:00
POT-210,Sales order,SO-10164,0,24,2026-08-01 08:00:00,2026-08-01 08:00:00
SEED-331,Sales order,SO-10164,0,2,2026-08-01 08:00:00,2026-08-01 08:00:00
TRAY-088,Sales order,SO-10165,0,9,2026-04-30 12:00:00,2026-04-30 12:00:00
TOOL-007,Sales order,SO-10166,0,10,2026-05-23 09:00:00,2026-05-23 09:00:00
FERT-018,Sales order,SO-10166,0,6,2026-05-23 09:00:00,2026-05-23 09:00:00
HOSE-112,Sales order,SO-10166,0,14,2026-05-23 09:00:00,2026-05-23 09:00:00
FERT-018,Sales order,SO-10167,0,1,2026-07-03 13:00:00,2026-07-03 13:00:00
SEED-331,Sales order,SO-10167,0,13,2026-07-03 13:00:00,2026-07-03 13:00:00
FERT-018,Sales order,SO-10168,0,2,2026-05-29 15:00:00,2026-05-29 15:00:00
SOIL-045,Sales order,SO-10168,0,15,2026-05-29 15:00:00,2026-05-29 15:00:00
SEED-331,Sales order,SO-10168,0,6,2026-05-29 15:00:00,2026-05-29 15:00:00
POT-210,Sales order,SO-10169,0,16,2026-06-19 16:00:00,2026-06-19 16:00:00
TRAY-088,Sales order,SO-10170,0,17,2026-05-18 15:00:00,2026-05-18 15:00:00
TOOL-007,Sales order,SO-10170,0,3,2026-05-18 15:00:00,2026-05-18 15:00:00
SOIL-045,Sales order,SO-10170,0,2,2026-05-18 15:00:00,2026-05-18 15:00:00
FERT-018,Sales order,SO-10171,0,23,2026-08-13 16:00:00,2026-08-13 16:00:00
PLANT-102,Sales order,SO-10172,0,18,2026-07-12 15:00:00,2026-07-12 15:00:00
TRAY-088,Sales order,SO-10172,0,22,2026-07-12 15:00:00,2026-07-12 15:00:00
HOSE-112,Sales order,SO-10173,0,12,2026-08-10 12:00:00,2026-08-10 12:00:00
HOSE-112,Sales order,SO-10174,0,12,2026-07-27 09:00:00,2026-07-27 09:00:00
TOOL-007,Sales order,SO-10175,0,4,2026-08-21 14:00:00,2026-08-21 14:00:00
POT-210,Sales order,SO-10175,0,18,2026-08-21 14:00:00,2026-08-21 14:00:00
HOSE-112,Sales order,SO-10175,0,17,2026-08-21 14:00:00,2026-08-21 14:00:00
HOSE-112,Sales order,SO-10176,0,8,2026-05-15 11:00:00,2026-05-15 11:00:00
FERT-018,Sales order,SO-10176,0,15,2026-05-15 11:00:00,2026-05-15 11:00:00
TOOL-007,Sales order,SO-10176,0,5,2026-05-15 11:00:00,2026-05-15 11:00:00
PLANT-102,Sales order,SO-10177,0,15,2026-06-03 11:00:00,2026-06-03 11:00:00
POT-210,Sales order,SO-10178,0,17,2026-07-14 08:00:00,2026-07-14 08:00:00
FERT-018,Sales order,SO-10179,0,14,2026-06-05 11:00:00,2026-06-05 11:00:00
SEED-331,Sales order,SO-10179,0,9,2026-06-05 11:00:00,2026-06-05 11:00:00
PLANT-102,Sales order,SO-10179,0,18,2026-06-05 11:00:00,2026-06-05 11:00:00
TOOL-007,Sales order,SO-10180,0,23,2026-07-13 10:00:00,2026-07-13 10:00:00
HOSE-112,Sales order,SO-10180,0,14,2026-07-13 10:00:00,2026-07-13 10:00:00
POT-210,Sales order,SO-10180,0,10,2026-07-13 10:00:00,2026-07-13 10:00:00
PLANT-102,Sales order,SO-10181,0,18,2026-06-16 10:00:00,2026-06-16 10:00:00
HOSE-112,Sales order,SO-10181,0,14,2026-06-16 10:00:00,2026-06-16 10:00:00
TOOL-007,Sales order,SO-10182,0,3,2026-07-09 16:00:00,2026-07-09 16:00:00
FERT-018,Sales order,SO-10182,0,2,2026-07-09 16:00:00,2026-07-09 16:00:00
PLANT-102,Sales order,SO-10183,0,7,2026-06-02 14:00:00,2026-06-02 14:00:00
FERT-018,Sales order,SO-10183,0,24,2026-06-02 14:00:00,2026-06-02 14:00:00
HOSE-112,Sales order,SO-10184,0,15,2026-05-14 15:00:00,2026-05-14 15:00:00
TOOL-007,Sales order,SO-10184,0,10,2026-05-14 15:00:00,2026-05-14 15:00:00
TOOL-007,Sales order,SO-10185,0,11,2026-06-01 13:00:00,2026-06-01 13:00:00
POT-210,Sales order,SO-10186,0,7,2026-06-20 08:00:00,2026-06-20 08:00:00
TOOL-007,Sales order,SO-10186,0,8,2026-06-20 08:00:00,2026-06-20 08:00:00
TRAY-088,Sales order,SO-10187,0,15,2026-06-16 17:00:00,2026-06-16 17:00:00
POT-210,Sales order,SO-10187,0,24,2026-06-16 17:00:00,2026-06-16 17:00:00
TOOL-007,Sales order,SO-10187,0,6,2026-06-16 17:00:00,2026-06-16 17:00:00
PLANT-102,Sales order,SO-10188,0,1,2026-05-16 16:00:00,2026-05-16 16:00:00
HOSE-112,Sales order,SO-10188,0,5,2026-05-16 16:00:00,2026-05-16 16:00:00
FERT-018,Sales order,SO-10188,0,3,2026-05-16 16:00:00,2026-05-16 16:00:00
TRAY-088,Sales order,SO-10189,0,1,2026-07-28 10:00:00,2026-07-28 10:00:00
PLANT-102,Sales order,SO-10189,0,18,2026-07-28 10:00:00,2026-07-28 10:00:00
HOSE-112,Sales order,SO-10189,0,1,2026-07-28 10:00:00,2026-07-28 10:00:00
SOIL-045,Sales order,SO-10190,0,4,2026-05-01 16:00:00,2026-05-01 16:00:00
TOOL-007,Sales order,SO-10191,0,13,2026-07-05 10:00:00,2026-07-05 10:00:00
PLANT-102,Sales order,SO-10192,0,3,2026-06-26 17:00:00,2026-06-26 17:00:00
HOSE-112,Sales order,SO-10192,0,13,2026-06-26 17:00:00,2026-06-26 17:00:00
HOSE-112,Sales order,SO-10192,0,18,2026-06-26 17:00:00,2026-06-26 17:00:00
TOOL-007,Sales order,SO-10193,0,19,2026-06-28 08:00:00,2026-06-28 08:00:00
SOIL-045,Sales order,SO-10193,0,17,2026-06-28 08:00:00,2026-06-28 08:00:00
PLANT-102,Sales order,SO-10193,0,8,2026-06-28 08:00:00,2026-06-28 08:00:00
PLANT-102,Sales order,SO-10194,0,6,2026-05-26 17:00:00,2026-05-26 17:00:00
TOOL-007,Sales order,SO-10194,0,1,2026-05-26 17:00:00,2026-05-26 17:00:00
FERT-018,Sales order,SO-10194,0,19,2026-05-26 17:00:00,2026-05-26 17:00:00
TOOL-007,Sales order,SO-10195,0,13,2026-05-17 14:00:00,2026-05-17 14:00:00
POT-210,Sales order,SO-10195,0,23,2026-05-17 14:00:00,2026-05-17 14:00:00
SOIL-045,Sales order,SO-10195,0,17,2026-05-17 14:00:00,2026-05-17 14:00:00
HOSE-112,Sales order,SO-10196,0,11,2026-08-02 13:00:00,2026-08-02 13:00:00
PLANT-102,Sales order,SO-10196,0,21,2026-08-02 13:00:00,2026-08-02 13:00:00
SEED-331,Sales order,SO-10196,0,15,2026-08-02 13:00:00,2026-08-02 13:00:00
SEED-331,Sales order,SO-10197,0,8,2026-06-30 11:00:00,2026-06-30 11:00:00
HOSE-112,Sales order,SO-10198,0,11,2026-07-29 09:00:00,2026-07-29 09:00:00
TOOL-007,Sales order,SO-10198,0,4,2026-07-29 09:00:00,2026-07-29 09:00:00
SOIL-045,Sales order,SO-10198,0,1,2026-07-29 09:00:00,2026-07-29 09:00:00
HOSE-112,Sales order,SO-10199,0,4,2026-06-07 15:00:00,2026-06-07 15:00:00
PLANT-102,Sales order,SO-10199,0,3,2026-06-07 15:00:00,2026-06-07 15:00:00
SOIL-045,Sales order,SO-10200,0,24,2026-06-13 16:00:00,2026-06-13 16:00:00
FERT-018,Sales order,SO-10200,0,19,2026-06-13 16:00:00,2026-06-13 16:00:00
SOIL-045,Sales order,SO-10201,0,6,2026-07-04 10:00:00,2026-07-04 10:00:00
TRAY-088,Sales order,SO-10202,0,20,2026-06-23 12:00:00,2026-06-23 12:00:00
FERT-018,Sales order,SO-10202,0,15,2026-06-23 12:00:00,2026-06-23 12:00:00
SOIL-045,Sales order,SO-10202,0,5,2026-06-23 12:00:00,2026-06-23 12:00:00
POT-210,Sales order,SO-10203,0,10,2026-06-06 08:00:00,2026-06-06 08:00:00
TOOL-007,Sales order,SO-10203,0,20,2026-06-06 08:00:00,2026-06-06 08:00:00
FERT-018,Sales order,SO-10203,0,16,2026-06-06 08:00:00,2026-06-06 08:00:00
HOSE-112,Sales order,SO-10204,0,9,2026-06-08 10:00:00,2026-06-08 10:00:00
HOSE-112,Sales order,SO-10204,0,12,2026-06-08 10:00:00,2026-06-08 10:00:00
FERT-018,Sales order,SO-10205,0,15,2026-05-13 17:00:00,2026-05-13 17:00:00
SEED-331,Sales order,SO-10205,0,23,2026-05-13 17:00:00,2026-05-13 17:00:00
SOIL-045,Sales order,SO-10205,0,14,2026-05-13 17:00:00,2026-05-13 17:00:00
HOSE-112,Sales order,SO-10206,0,13,2026-07-24 15:00:00,2026-07-24 15:00:00
SOIL-045,Sales order,SO-10206,0,15,2026-07-24 15:00:00,2026-07-24 15:00:00
TRAY-088,Sales order,SO-10206,0,19,2026-07-24 15:00:00,2026-07-24 15:00:00
FERT-018,Sales order,SO-10207,0,22,2026-06-19 16:00:00,2026-06-19 16:00:00
SOIL-045,Sales order,SO-10208,0,1,2026-07-23 13:00:00,2026-07-23 13:00:00
SOIL-045,Sales order,SO-10208,0,9,2026-07-23 13:00:00,2026-07-23 13:00:00
PLANT-102,Sales order,SO-10209,0,16,2026-05-27 16:00:00,2026-05-27 16:00:00
SOIL-045,Sales order,SO-10209,0,10,2026-05-27 16:00:00,2026-05-27 16:00:00
TRAY-088,Sales order,SO-10210,0,12,2026-06-21 09:00:00,2026-06-21 09:00:00
SOIL-045,Sales order,SO-10211,0,1,2026-06-28 09:00:00,2026-06-28 09:00:00
TOOL-007,Sales order,SO-10211,0,21,2026-06-28 09:00:00,2026-06-28 09:00:00
SOIL-045,Sales order,SO-10211,0,22,2026-06-28 09:00:00,2026-06-28 09:00:00
FERT-018,Sales order,SO-10212,0,13,2026-08-09 10:00:00,2026-08-09 10:00:00
POT-210,Sales order,SO-10212,0,6,2026-08-09 10:00:00,2026-08-09 10:00:00
FERT-018,Sales order,SO-10213,0,7,2026-07-19 14:00:00,2026-07-19 14:00:00
SEED-331,Sales order,SO-10214,0,22,2026-06-03 09:00:00,2026-06-03 09:00:00
TRAY-088,Sales order,SO-10215,0,20,2026-08-17 15:00:00,2026-08-17 15:00:00
POT-210,Sales order,SO-10215,0,22,2026-08-17 15:00:00,2026-08-17 15:00:00
POT-210,Sales order,SO-10216,0,12,2026-07-28 12:00:00,2026-07-28 12:00:00
POT-210,Sales order,SO-10217,0,18,2026-07-26 10:00:00,2026-07-26 10:00:00
POT-210,Sales order,SO-10217,0,16,2026-07-26 10:00:00,2026-07-26 10:00:00
SEED-331,Sales order,SO-10217,0,5,2026-07-26 10:00:00,2026-07-26 10:00:00
FERT-018,Sales order,SO-10218,0,13,2026-05-22 13:00:00,2026-05-22 13:00:00
POT-210,Sales order,SO-10219,0,3,2026-07-09 16:00:00,2026-07-09 16:00:00
PLANT-102,Sales order,SO-10219,0,8,2026-07-09 16:00:00,2026-07-09 16:00:00
SOIL-045,Sales order,SO-10220,0,19,2026-06-05 08:00:00,2026-06-05 08:00:00
SOIL-045,Sales order,SO-10220,0,9,2026-06-05 08:00:00,2026-06-05 08:00:00
TOOL-007,Sales order,SO-10220,0,18,2026-06-05 08:00:00,2026-06-05 08:00:00
PLANT-102,Sales order,SO-10221,0,15,2026-08-12 08:00:00,2026-08-12 08:00:00
SEED-331,Sales order,SO-10221,0,12,2026-08-12 08:00:00,2026-08-12 08:00:00
HOSE-112,Sales order,SO-10222,0,6,2026-08-17 09:00:00,2026-08-17 09:00:00
POT-210,Sales order,SO-10222,0,7,2026-08-17 09:00:00,2026-08-17 09:00:00
FERT-018,Sales order,SO-10222,0,2,2026-08-17 09:00:00,2026-08-17 09:00:00
SEED-331,Sales order,SO-10223,0,17,2026-07-10 13:00:00,2026-07-10 13:00:00
SOIL-045,Sales order,SO-10223,0,5,2026-07-10 13:00:00,2026-07-10 13:00:00
HOSE-112,Sales order,SO-10224,0,16,2026-08-03 14:00:00,2026-08-03 14:00:00
SEED-331,Sales order,SO-10225,0,23,2026-05-17 17:00:00,2026-05-17 17:00:00
TOOL-007,Sales order,SO-10225,0,15,2026-05-17 17:00:00,2026-05-17 17:00:00
HOSE-112,Sales order,SO-10226,0,7,2026-06-30 13:00:00,2026-06-30 13:00:00
TRAY-088,Sales order,SO-10227,0,11,2026-06-22 11:00:00,2026-06-22 11:00:00
PLANT-102,Sales order,SO-10227,0,2,2026-06-22 11:00:00,2026-06-22 11:00:00
SOIL-045,Sales order,SO-10227,0,21,2026-06-22 11:00:00,2026-06-22 11:00:00
POT-210,Sales order,SO-10228,0,21,2026-08-07 15:00:00,2026-08-07 15:00:00
HOSE-112,Sales order,SO-10229,0,21,2026-06-06 10:00:00,2026-06-06 10:00:00
POT-210,Sales order,SO-10230,0,19,2026-06-07 11:00:00,2026-06-07 11:00:00
POT-210,Sales order,SO-10231,0,16,2026-05-27 16:00:00,2026-05-27 16:00:00
SOIL-045,Sales order,SO-10231,0,8,2026-05-27 16:00:00,2026-05-27 16:00:00
HOSE-112,Sales order,SO-10231,0,3,2026-05-27 16:00:00,2026-05-27 16:00:00
POT-210,Sales order,SO-10232,0,3,2026-07-31 09:00:00,2026-07-31 09:00:00
PLANT-102,Sales order,SO-10232,0,20,2026-07-31 09:00:00,2026-07-31 09:00:00
POT-210,Sales order,SO-10232,0,15,2026-07-31 09:00:00,2026-07-31 09:00:00
SOIL-045,Sales order,SO-10233,0,19,2026-06-12 11:00:00,2026-06-12 11:00:00
SEED-331,Sales order,SO-10234,0,23,2026-07-31 14:00:00,2026-07-31 14:00:00
TRAY-088,Sales order,SO-10235,0,13,2026-05-02 12:00:00,2026-05-02 12:00:00
HOSE-112,Sales order,SO-10236,0,19,2026-05-13 11:00:00,2026-05-13 11:00:00
FERT-018,Sales order,SO-10237,0,2,2026-06-21 13:00:00,2026-06-21 13:00:00
PLANT-102,Sales order,SO-10237,0,13,2026-06-21 13:00:00,2026-06-21 13:00:00
SOIL-045,Sales order,SO-10238,0,10,2026-07-02 12:00:00,2026-07-02 12:00:00
SOIL-045,Sales order,SO-10238,0,17,2026-07-02 12:00:00,2026-07-02 12:00:00
HOSE-112,Sales order,SO-10239,0,24,2026-08-24 11:00:00,2026-08-24 11:00:00
FERT-018,Sales order,SO-10239,0,2,2026-08-24 11:00:00,2026-08-24 11:00:00
PLANT-102,Sales order,SO-10240,0,23,2026-05-30 09:00:00,2026-05-30 09:00:00
SEED-331,Sales order,SO-10241,0,24,2026-05-16 08:00:00,2026-05-16 08:00:00
SOIL-045,Sales order,SO-10241,0,1,2026-05-16 08:00:00,2026-05-16 08:00:00
TOOL-007,Sales order,SO-10241,0,14,2026-05-16 08:00:00,2026-05-16 08:00:00
TRAY-088,Sales order,SO-10242,0,19,2026-06-02 16:00:00,2026-06-02 16:00:00
PLANT-102,Sales order,SO-10243,0,8,2026-05-20 13:00:00,2026-05-20 13:00:00
HOSE-112,Sales order,SO-10244,0,8,2026-05-04 15:00:00,2026-05-04 15:00:00
TOOL-007,Sales order,SO-10244,0,8,2026-05-04 15:00:00,2026-05-04 15:00:00
HOSE-112,Sales order,SO-10244,0,24,2026-05-04 15:00:00,2026-05-04 15:00:00
FERT-018,Sales order,SO-10245,0,17,2026-06-08 12:00:00,2026-06-08 12:00:00
TOOL-007,Sales order,SO-10246,0,7,2026-05-04 14:00:00,2026-05-04 14:00:00
FERT-018,Sales order,SO-10247,0,5,2026-06-05 17:00:00,2026-06-05 17:00:00
HOSE-112,Sales order,SO-10248,0,24,2026-04-29 14:00:00,2026-04-29 14:00:00
SEED-331,Sales order,SO-10248,0,4,2026-04-29 14:00:00,2026-04-29 14:00:00
FERT-018,Sales order,SO-10248,0,17,2026-04-29 14:00:00,2026-04-29 14:00:00
HOSE-112,Sales order,SO-10249,0,23,2026-05-29 14:00:00,2026-05-29 14:00:00
TOOL-007,Sales order,SO-10249,0,15,2026-05-29 14:00:00,2026-05-29 14:00:00
SOIL-045,Sales order,SO-10249,0,19,2026-05-29 14:00:00,2026-05-29 14:00:00
POT-210,Sales order,SO-10250,0,8,2026-05-11 16:00:00,2026-05-11 16:00:00
SEED-331,Sales order,SO-10250,0,9,2026-05-11 16:00:00,2026-05-11 16:00:00
FERT-018,Sales order,SO-10251,0,5,2026-08-15 13:00:00,2026-08-15 13:00:00
SOIL-045,Sales order,SO-10252,0,18,2026-08-06 17:00:00,2026-08-06 17:00:00
TOOL-007,Sales order,SO-10252,0,7,2026-08-06 17:00:00,2026-08-06 17:00:00
PLANT-102,Sales order,SO-10253,0,7,2026-06-25 12:00:00,2026-06-25 12:00:00
TOOL-007,Sales order,SO-10253,0,5,2026-06-25 12:00:00,2026-06-25 12:00:00
SOIL-045,Sales order,SO-10253,0,23,2026-06-25 12:00:00,2026-06-25 12:00:00
HOSE-112,Sales order,SO-10254,0,15,2026-05-30 13:00:00,2026-05-30 13:00:00
PLANT-102,Sales order,SO-10255,0,2,2026-07-09 16:00:00,2026-07-09 16:00:00
SEED-331,Sales order,SO-10256,0,3,2026-08-13 11:00:00,2026-08-13 11:00:00
PLANT-102,Sales order,SO-10256,0,3,2026-08-13 11:00:00,2026-08-13 11:00:00
FERT-018,Sales order,SO-10256,0,21,2026-08-13 11:00:00,2026-08-13 11:00:00
HOSE-112,Sales order,SO-10257,0,24,2026-06-24 10:00:00,2026-06-24 10:00:00
SEED-331,Sales order,SO-10258,0,15,2026-06-18 15:00:00,2026-06-18 15:00:00
POT-210,Sales order,SO-10258,0,2,2026-06-18 15:00:00,2026-06-18 15:00:00
SOIL-045,Sales order,SO-10259,0,9,2026-07-16 17:00:00,2026-07-16 17:00:00
TRAY-088,Sales order,SO-10260,0,12,2026-06-17 10:00:00,2026-06-17 10:00:00
TOOL-007,Sales order,SO-10260,0,13,2026-06-17 10:00:00,2026-06-17 10:00:00
TRAY-088,Sales order,SO-10261,0,17,2026-06-02 10:00:00,2026-06-02 10:00:00
PLANT-102,Sales order,SO-10262,0,8,2026-06-13 17:00:00,2026-06-13 17:00:00
HOSE-112,Sales order,SO-10262,0,12,2026-06-13 17:00:00,2026-06-13 17:00:00
POT-210,Sales order,SO-10262,0,6,2026-06-13 17:00:00,2026-06-13 17:00:00
POT-210,Sales order,SO-10263,0,19,2026-05-29 17:00:00,2026-05-29 17:00:00
FERT-018,Sales order,SO-10263,0,16,2026-05-29 17:00:00,2026-05-29 17:00:00
SEED-331,Sales order,SO-10263,0,6,2026-05-29 17:00:00,2026-05-29 17:00:00
TOOL-007,Sales order,SO-10264,0,20,2026-06-30 08:00:00,2026-06-30 08:00:00
POT-210,Sales order,SO-10265,0,4,2026-05-24 10:00:00,2026-05-24 10:00:00
TOOL-007,Sales order,SO-10265,0,3,2026-05-24 10:00:00,2026-05-24 10:00:00
TOOL-007,Sales order,SO-10265,0,23,2026-05-24 10:00:00,2026-05-24 10:00:00
HOSE-112,Sales order,SO-10266,0,21,2026-07-22 14:00:00,2026-07-22 14:00:00
TRAY-088,Sales order,SO-10266,0,21,2026-07-22 14:00:00,2026-07-22 14:00:00
TOOL-007,Sales order,SO-10266,0,6,2026-07-22 14:00:00,2026-07-22 14:00:00
POT-210,Sales order,SO-10267,0,24,2026-07-28 16:00:00,2026-07-28 16:00:00
SOIL-045,Sales order,SO-10268,0,16,2026-04-29 17:00:00,2026-04-29 17:00:00
POT-210,Sales order,SO-10268,0,11,2026-04-29 17:00:00,2026-04-29 17:00:00
SOIL-045,Sales order,SO-10268,0,8,2026-04-29 17:00:00,2026-04-29 17:00:00
FERT-018,Sales order,SO-10269,0,23,2026-06-12 13:00:00,2026-06-12 13:00:00
HOSE-112,Sales order,SO-10270,0,16,2026-05-07 13:00:00,2026-05-07 13:00:00
TRAY-088,Sales order,SO-10271,0,3,2026-08-19 14:00:00,2026-08-19 14:00:00
POT-210,Sales order,SO-10272,0,13,2026-08-09 08:00:00,2026-08-09 08:00:00
POT-210,Sales order,SO-10272,0,24,2026-08-09 08:00:00,2026-08-09 08:00:00
HOSE-112,Sales order,SO-10273,0,6,2026-05-08 16:00:00,2026-05-08 16:00:00
PLANT-102,Sales order,SO-10273,0,4,2026-05-08 16:00:00,2026-05-08 16:00:00
TOOL-007,Sales order,SO-10273,0,7,2026-05-08 16:00:00,2026-05-08 16:00:00
TRAY-088,Sales order,SO-10274,0,5,2026-05-23 14:00:00,2026-05-23 14:00:00
PLANT-102,Sales order,SO-10274,0,12,2026-05-23 14:00:00,2026-05-23 14:00:00
SEED-331,Sales order,SO-10275,0,3,2026-04-29 14:00:00,2026-04-29 14:00:00
HOSE-112,Sales order,SO-10276,0,6,2026-06-28 09:00:00,2026-06-28 09:00:00
FERT-018,Sales order,SO-10277,0,9,2026-06-15 14:00:00,2026-06-15 14:00:00
PLANT-102,Sales order,SO-10277,0,5,2026-06-15 14:00:00,2026-06-15 14:00:00
PLANT-102,Sales order,SO-10278,0,13,2026-08-03 09:00:00,2026-08-03 09:00:00
HOSE-112,Sales order,SO-10278,0,18,2026-08-03 09:00:00,2026-08-03 09:00:00
TRAY-088,Sales order,SO-10278,0,19,2026-08-03 09:00:00,2026-08-03 09:00:00
POT-210,Sales order,SO-10279,0,4,2026-08-19 11:00:00,2026-08-19 11:00:00
TRAY-088,Sales order,SO-10279,0,6,2026-08-19 11:00:00,2026-08-19 11:00:00
POT-210,Sales order,SO-10279,0,7,2026-08-19 11:00:00,2026-08-19 11:00:00
POT-210,Sales order,SO-10280,0,20,2026-08-10 11:00:00,2026-08-10 11:00:00
TRAY-088,Sales order,SO-10281,0,1,2026-06-01 13:00:00,2026-06-01 13:00:00
HOSE-112,Sales order,SO-10281,0,4,2026-06-01 13:00:00,2026-06-01 13:00:00
HOSE-112,Sales order,SO-10281,0,5,2026-06-01 13:00:00,2026-06-01 13:00:00
SEED-331,Sales order,SO-10282,0,13,2026-05-17 17:00:00,2026-05-17 17:00:00
TRAY-088,Sales order,SO-10282,0,19,2026-05-17 17:00:00,2026-05-17 17:00:00
HOSE-112,Sales order,SO-10283,0,11,2026-07-15 15:00:00,2026-07-15 15:00:00
SEED-331,Sales order,SO-10284,0,10,2026-07-26 11:00:00,2026-07-26 11:00:00
SEED-331,Sales order,SO-10284,0,16,2026-07-26 11:00:00,2026-07-26 11:00:00
HOSE-112,Sales order,SO-10285,0,20,2026-08-16 09:00:00,2026-08-16 09:00:00
SOIL-045,Sales order,SO-10285,0,7,2026-08-16 09:00:00,2026-08-16 09:00:00
SEED-331,Sales order,SO-10286,0,23,2026-06-24 11:00:00,2026-06-24 11:00:00
FERT-018,Sales order,SO-10287,0,2,2026-07-02 14:00:00,2026-07-02 14:00:00
HOSE-112,Sales order,SO-10288,0,21,2026-06-26 08:00:00,2026-06-26 08:00:00
SOIL-045,Sales order,SO-10288,0,22,2026-06-26 08:00:00,2026-06-26 08:00:00
PLANT-102,Sales order,SO-10288,0,8,2026-06-26 08:00:00,2026-06-26 08:00:00
SOIL-045,Sales order,SO-10289,0,10,2026-06-15 15:00:00,2026-06-15 15:00:00
PLANT-102,Sales order,SO-10289,0,13,2026-06-15 15:00:00,2026-06-15 15:00:00
PLANT-102,Sales order,SO-10289,0,6,2026-06-15 15:00:00,2026-06-15 15:00:00
PLANT-102,Sales order,SO-10290,0,22,2026-08-16 17:00:00,2026-08-16 17:00:00
PLANT-102,Sales order,SO-10290,0,16,2026-08-16 17:00:00,2026-08-16 17:00:00
POT-210,Sales order,SO-10290,0,21,2026-08-16 17:00:00,2026-08-16 17:00:00
HOSE-112,Sales order,SO-10291,0,12,2026-05-21 17:00:00,2026-05-21 17:00:00
TRAY-088,Sales order,SO-10291,0,9,2026-05-21 17:00:00,2026-05-21 17:00:00
SEED-331,Sales order,SO-10292,0,10,2026-05-26 15:00:00,2026-05-26 15:00:00
SOIL-045,Sales order,SO-10292,0,16,2026-05-26 15:00:00,2026-05-26 15:00:00
SOIL-045,Sales order,SO-10292,0,11,2026-05-26 15:00:00,2026-05-26 15:00:00
HOSE-112,Sales order,SO-10293,0,22,2026-06-03 13:00:00,2026-06-03 13:00:00
HOSE-112,Sales order,SO-10294,0,24,2026-06-08 10:00:00,2026-06-08 10:00:00
PLANT-102,Sales order,SO-10294,0,19,2026-06-08 10:00:00,2026-06-08 10:00:00
SEED-331,Sales order,SO-10295,0,6,2026-07-28 17:00:00,2026-07-28 17:00:00
POT-210,Sales order,SO-10295,0,10,2026-07-28 17:00:00,2026-07-28 17:00:00
SOIL-045,Sales order,SO-10295,0,16,2026-07-28 17:00:00,2026-07-28 17:00:00
SEED-331,Sales order,SO-10296,0,14,2026-05-15 12:00:00,2026-05-15 12:00:00
TOOL-007,Sales order,SO-10296,0,12,2026-05-15 12:00:00,2026-05-15 12:00:00
SEED-331,Sales order,SO-10296,0,19,2026-05-15 12:00:00,2026-05-15 12:00:00
SOIL-045,Sales order,SO-10297,0,22,2026-06-05 15:00:00,2026-06-05 15:00:00
HOSE-112,Sales order,SO-10297,0,17,2026-06-05 15:00:00,2026-06-05 15:00:00
SEED-331,Sales order,SO-10297,0,14,2026-06-05 15:00:00,2026-06-05 15:00:00
TOOL-007,Sales order,SO-10298,0,23,2026-05-05 10:00:00,2026-05-05 10:00:00
SEED-331,Sales order,SO-10299,0,7,2026-05-22 09:00:00,2026-05-22 09:00:00
POT-210,Sales order,SO-10299,0,19,2026-05-22 09:00:00,2026-05-22 09:00:00
TRAY-088,Sales order,SO-10300,0,13,2026-08-04 10:00:00,2026-08-04 10:00:00
PLANT-102,Sales order,SO-10300,0,2,2026-08-04 10:00:00,2026-08-04 10:00:00
FERT-018,Sales order,SO-10301,0,8,2026-07-06 11:00:00,2026-07-06 11:00:00
TOOL-007,Sales order,SO-10301,0,10,2026-07-06 11:00:00,2026-07-06 11:00:00
POT-210,Sales order,SO-10301,0,4,2026-07-06 11:00:00,2026-07-06 11:00:00
TOOL-007,Sales order,SO-10302,0,14,2026-06-17 16:00:00,2026-06-17 16:00:00
POT-210,Sales order,SO-10302,0,11,2026-06-17 16:00:00,2026-06-17 16:00:00
POT-210,Sales order,SO-10303,0,7,2026-08-22 15:00:00,2026-08-22 15:00:00
PLANT-102,Sales order,SO-10303,0,19,2026-08-22 15:00:00,2026-08-22 15:00:00
POT-210,Sales order,SO-10303,0,4,2026-08-22 15:00:00,2026-08-22 15:00:00
SOIL-045,Sales order,SO-10304,0,21,2026-06-14 08:00:00,2026-06-14 08:00:00
PLANT-102,Sales order,SO-10304,0,2,2026-06-14 08:00:00,2026-06-14 08:00:00
SOIL-045,Sales order,SO-10304,0,14,2026-06-14 08:00:00,2026-06-14 08:00:00
PLANT-102,Sales order,SO-10305,0,10,2026-06-24 14:00:00,2026-06-24 14:00:00
HOSE-112,Sales order,SO-10305,0,22,2026-06-24 14:00:00,2026-06-24 14:00:00
SOIL-045,Sales order,SO-10305,0,22,2026-06-24 14:00:00,2026-06-24 14:00:00
FERT-018,Sales order,SO-10306,0,20,2026-07-04 12:00:00,2026-07-04 12:00:00
FERT-018,Sales order,SO-10306,0,9,2026-07-04 12:00:00,2026-07-04 12:00:00
TRAY-088,Sales order,SO-10307,0,11,2026-08-13 16:00:00,2026-08-13 16:00:00
SOIL-045,Sales order,SO-10308,0,17,2026-05-29 08:00:00,2026-05-29 08:00:00
TRAY-088,Sales order,SO-10309,0,2,2026-05-08 09:00:00,2026-05-08 09:00:00
SOIL-045,Sales order,SO-10309,0,6,2026-05-08 09:00:00,2026-05-08 09:00:00
PLANT-102,Sales order,SO-10310,0,5,2026-08-18 08:00:00,2026-08-18 08:00:00
TOOL-007,Sales order,SO-10311,0,6,2026-07-22 10:00:00,2026-07-22 10:00:00
SOIL-045,Sales order,SO-10311,0,13,2026-07-22 10:00:00,2026-07-22 10:00:00
POT-210,Sales order,SO-10312,0,23,2026-06-19 15:00:00,2026-06-19 15:00:00
HOSE-112,Sales order,SO-10313,0,12,2026-07-30 08:00:00,2026-07-30 08:00:00
SOIL-045,Sales order,SO-10314,0,9,2026-07-16 08:00:00,2026-07-16 08:00:00
FERT-018,Sales order,SO-10315,0,16,2026-07-21 13:00:00,2026-07-21 13:00:00
TOOL-007,Sales order,SO-10315,0,22,2026-07-21 13:00:00,2026-07-21 13:00:00
TRAY-088,Sales order,SO-10316,0,16,2026-07-24 14:00:00,2026-07-24 14:00:00
POT-210,Sales order,SO-10316,0,3,2026-07-24 14:00:00,2026-07-24 14:00:00
TRAY-088,Sales order,SO-10316,0,11,2026-07-24 14:00:00,2026-07-24 14:00:00
TRAY-088,Sales order,SO-10317,0,15,2026-05-29 13:00:00,2026-05-29 13:00:00
PLANT-102,Sales order,SO-10318,0,4,2026-08-09 17:00:00,2026-08-09 17:00:00
HOSE-112,Sales order,SO-10318,0,14,2026-08-09 17:00:00,2026-08-09 17:00:00
PLANT-102,Sales order,SO-10318,0,18,2026-08-09 17:00:00,2026-08-09 17:00:00
TOOL-007,Sales order,SO-10319,0,2,2026-07-08 08:00:00,2026-07-08 08:00:00
FERT-018,Sales order,SO-10319,0,15,2026-07-08 08:00:00,2026-07-08 08:00:00
TOOL-007,Sales order,SO-10320,0,12,2026-06-10 16:00:00,2026-06-10 16:00:00
HOSE-112,Sales order,SO-10321,0,4,2026-08-13 12:00:00,2026-08-13 12:00:00
TOOL-007,Sales order,SO-10322,0,4,2026-05-31 17:00:00,2026-05-31 17:00:00
HOSE-112,Sales order,SO-10322,0,2,2026-05-31 17:00:00,2026-05-31 17:00:00
SOIL-045,Sales order,SO-10322,0,15,2026-05-31 17:00:00,2026-05-31 17:00:00
TRAY-088,Sales order,SO-10323,0,17,2026-06-26 17:00:00,2026-06-26 17:00:00
POT-210,Sales order,SO-10323,0,23,2026-06-26 17:00:00,2026-06-26 17:00:00
POT-210,Sales order,SO-10323,0,24,2026-06-26 17:00:00,2026-06-26 17:00:00
HOSE-112,Sales order,SO-10324,0,11,2026-08-11 10:00:00,2026-08-11 10:00:00
SEED-331,Sales order,SO-10324,0,15,2026-08-11 10:00:00,2026-08-11 10:00:00
FERT-018,Sales order,SO-10325,0,20,2026-08-10 10:00:00,2026-08-10 10:00:00
SOIL-045,Sales order,SO-10326,0,12,2026-07-29 12:00:00,2026-07-29 12:00:00
TRAY-088,Sales order,SO-10326,0,19,2026-07-29 12:00:00,2026-07-29 12:00:00
HOSE-112,Sales order,SO-10326,0,22,2026-07-29 12:00:00,2026-07-29 12:00:00
PLANT-102,Sales order,SO-10327,0,7,2026-08-02 16:00:00,2026-08-02 16:00:00
PLANT-102,Sales order,SO-10328,0,12,2026-06-02 10:00:00,2026-06-02 10:00:00
PLANT-102,Sales order,SO-10329,0,13,2026-08-11 15:00:00,2026-08-11 15:00:00
HOSE-112,Sales order,SO-10329,0,14,2026-08-11 15:00:00,2026-08-11 15:00:00
TOOL-007,Sales order,SO-10329,0,18,2026-08-11 15:00:00,2026-08-11 15:00:00
FERT-018,Sales order,SO-10330,0,24,2026-05-05 08:00:00,2026-05-05 08:00:00
FERT-018,Sales order,SO-10330,0,10,2026-05-05 08:00:00,2026-05-05 08:00:00
TRAY-088,Sales order,SO-10330,0,6,2026-05-05 08:00:00,2026-05-05 08:00:00
SEED-331,Sales order,SO-10331,0,5,2026-07-25 09:00:00,2026-07-25 09:00:00
POT-210,Sales order,SO-10331,0,19,2026-07-25 09:00:00,2026-07-25 09:00:00
SEED-331,Sales order,SO-10331,0,1,2026-07-25 09:00:00,2026-07-25 09:00:00
TOOL-007,Sales order,SO-10332,0,3,2026-06-10 15:00:00,2026-06-10 15:00:00
TOOL-007,Sales order,SO-10332,0,17,2026-06-10 15:00:00,2026-06-10 15:00:00
TOOL-007,Sales order,SO-10333,0,8,2026-05-27 10:00:00,2026-05-27 10:00:00
PLANT-102,Sales order,SO-10334,0,4,2026-08-20 11:00:00,2026-08-20 11:00:00
TOOL-007,Sales order,SO-10334,0,15,2026-08-20 11:00:00,2026-08-20 11:00:00
FERT-018,Sales order,SO-10334,0,21,2026-08-20 11:00:00,2026-08-20 11:00:00
SEED-331,Sales order,SO-10335,0,18,2026-07-16 17:00:00,2026-07-16 17:00:00
SEED-331,Sales order,SO-10335,0,1,2026-07-16 17:00:00,2026-07-16 17:00:00
SOIL-045,Sales order,SO-10336,0,4,2026-08-23 16:00:00,2026-08-23 16:00:00
POT-210,Sales order,SO-10336,0,18,2026-08-23 16:00:00,2026-08-23 16:00:00
HOSE-112,Sales order,SO-10337,0,21,2026-07-06 08:00:00,2026-07-06 08:00:00
SOIL-045,Sales order,SO-10337,0,24,2026-07-06 08:00:00,2026-07-06 08:00:00
POT-210,Sales order,SO-10337,0,1,2026-07-06 08:00:00,2026-07-06 08:00:00
SOIL-045,Sales order,SO-10338,0,19,2026-06-26 13:00:00,2026-06-26 13:00:00
FERT-018,Sales order,SO-10338,0,9,2026-06-26 13:00:00,2026-06-26 13:00:00
HOSE-112,Sales order,SO-10338,0,13,2026-06-26 13:00:00,2026-06-26 13:00:00
SOIL-045,Sales order,SO-10339,0,24,2026-06-25 14:00:00,2026-06-25 14:00:00
PLANT-102,Sales order,SO-10339,0,23,2026-06-25 14:00:00,2026-06-25 14:00:00
SOIL-045,Sales order,SO-10339,0,12,2026-06-25 14:00:00,2026-06-25 14:00:00
HOSE-112,Sales order,SO-10340,0,22,2026-08-25 16:00:00,2026-08-25 16:00:00
PLANT-102,Sales order,SO-10340,0,16,2026-08-25 16:00:00,2026-08-25 16:00:00
TOOL-007,Sales order,SO-10341,0,1,2026-05-19 16:00:00,2026-05-19 16:00:00
POT-210,Sales order,SO-10341,0,4,2026-05-19 16:00:00,2026-05-19 16:00:00
HOSE-112,Sales order,SO-10342,0,21,2026-05-04 08:00:00,2026-05-04 08:00:00
SOIL-045,Sales order,SO-10343,0,6,2026-08-15 16:00:00,2026-08-15 16:00:00
SOIL-045,Sales order,SO-10344,0,7,2026-07-23 17:00:00,2026-07-23 17:00:00
TRAY-088,Sales order,SO-10344,0,11,2026-07-23 17:00:00,2026-07-23 17:00:00
TRAY-088,Sales order,SO-10345,0,11,2026-06-13 10:00:00,2026-06-13 10:00:00
SEED-331,Sales order,SO-10345,0,23,2026-06-13 10:00:00,2026-06-13 10:00:00
HOSE-112,Sales order,SO-10346,0,9,2026-07-12 10:00:00,2026-07-12 10:00:00
TRAY-088,Sales order,SO-10347,0,18,2026-08-14 13:00:00,2026-08-14 13:00:00
SOIL-045,Sales order,SO-10347,0,6,2026-08-14 13:00:00,2026-08-14 13:00:00
SOIL-045,Sales order,SO-10348,0,1,2026-07-20 17:00:00,2026-07-20 17:00:00
PLANT-102,Sales order,SO-10348,0,19,2026-07-20 17:00:00,2026-07-20 17:00:00
HOSE-112,Sales order,SO-10348,0,19,2026-07-20 17:00:00,2026-07-20 17:00:00
SEED-331,Sales order,SO-10349,0,5,2026-05-26 08:00:00,2026-05-26 08:00:00
TRAY-088,Sales order,SO-10349,0,17,2026-05-26 08:00:00,2026-05-26 08:00:00
SOIL-045,Sales order,SO-10349,0,13,2026-05-26 08:00:00,2026-05-26 08:00:00
POT-210,Sales order,SO-10350,0,6,2026-06-14 16:00:00,2026-06-14 16:00:00
POT-210,Sales order,SO-10350,0,24,2026-06-14 16:00:00,2026-06-14 16:00:00
FERT-018,Sales order,SO-10351,0,2,2026-07-31 15:00:00,2026-07-31 15:00:00
FERT-018,Sales order,SO-10351,0,17,2026-07-31 15:00:00,2026-07-31 15:00:00
SEED-331,Sales order,SO-10352,0,24,2026-08-23 13:00:00,2026-08-23 13:00:00
SEED-331,Sales order,SO-10353,0,13,2026-06-01 17:00:00,2026-06-01 17:00:00
FERT-018,Sales order,SO-10353,0,17,2026-06-01 17:00:00,2026-06-01 17:00:00
HOSE-112,Sales order,SO-10353,0,12,2026-06-01 17:00:00,2026-06-01 17:00:00
SEED-331,Sales order,SO-10354,0,7,2026-08-11 13:00:00,2026-08-11 13:00:00
SOIL-045,Sales order,SO-10355,0,16,2026-05-18 10:00:00,2026-05-18 10:00:00
TRAY-088,Sales order,SO-10355,0,16,2026-05-18 10:00:00,2026-05-18 10:00:00
FERT-018,Sales order,SO-10355,0,19,2026-05-18 10:00:00,2026-05-18 10:00:00
PLANT-102,Sales order,SO-10356,0,19,2026-05-19 14:00:00,2026-05-19 14:00:00
SEED-331,Sales order,SO-10357,0,3,2026-05-17 08:00:00,2026-05-17 08:00:00
FERT-018,Sales order,SO-10357,0,15,2026-05-17 08:00:00,2026-05-17 08:00:00
TRAY-088,Sales order,SO-10357,0,16,2026-05-17 08:00:00,2026-05-17 08:00:00
TOOL-007,Sales order,SO-10358,0,15,2026-05-20 11:00:00,2026-05-20 11:00:00
HOSE-112,Sales order,SO-10359,0,5,2026-07-14 17:00:00,2026-07-14 17:00:00
PLANT-102,Sales order,SO-10360,0,22,2026-07-15 09:00:00,2026-07-15 09:00:00
HOSE-112,Sales order,SO-10360,0,17,2026-07-15 09:00:00,2026-07-15 09:00:00
HOSE-112,Sales order,SO-10360,0,12,2026-07-15 09:00:00,2026-07-15 09:00:00
POT-210,Sales order,SO-10361,0,9,2026-08-18 08:00:00,2026-08-18 08:00:00
TRAY-088,Sales order,SO-10361,0,8,2026-08-18 08:00:00,2026-08-18 08:00:00
SOIL-045,Sales order,SO-10362,0,17,2026-08-23 09:00:00,2026-08-23 09:00:00
PLANT-102,Sales order,SO-10362,0,13,2026-08-23 09:00:00,2026-08-23 09:00:00
FERT-018,Sales order,SO-10362,0,23,2026-08-23 09:00:00,2026-08-23 09:00:00
HOSE-112,Sales order,SO-10363,0,19,2026-08-09 13:00:00,2026-08-09 13:00:00
TOOL-007,Sales order,SO-10363,0,20,2026-08-09 13:00:00,2026-08-09 13:00:00
SEED-331,Sales order,SO-10364,0,19,2026-06-03 14:00:00,2026-06-03 14:00:00
TOOL-007,Sales order,SO-10364,0,23,2026-06-03 14:00:00,2026-06-03 14:00:00
FERT-018,Sales order,SO-10365,0,17,2026-06-18 10:00:00,2026-06-18 10:00:00
HOSE-112,Sales order,SO-10366,0,3,2026-06-19 13:00:00,2026-06-19 13:00:00
SOIL-045,Sales order,SO-10366,0,9,2026-06-19 13:00:00,2026-06-19 13:00:00
SEED-331,Sales order,SO-10367,0,23,2026-05-27 13:00:00,2026-05-27 13:00:00
PLANT-102,Sales order,SO-10367,0,6,2026-05-27 13:00:00,2026-05-27 13:00:00
TRAY-088,Sales order,SO-10367,0,15,2026-05-27 13:00:00,2026-05-27 13:00:00
FERT-018,Sales order,SO-10368,0,21,2026-04-30 11:00:00,2026-04-30 11:00:00
PLANT-102,Sales order,SO-10368,0,6,2026-04-30 11:00:00,2026-04-30 11:00:00
SOIL-045,Sales order,SO-10369,0,3,2026-05-10 12:00:00,2026-05-10 12:00:00
SEED-331,Sales order,SO-10369,0,24,2026-05-10 12:00:00,2026-05-10 12:00:00
TOOL-007,Sales order,SO-10369,0,12,2026-05-10 12:00:00,2026-05-10 12:00:00
POT-210,Sales order,SO-10370,0,14,2026-08-11 12:00:00,2026-08-11 12:00:00
SOIL-045,Sales order,SO-10370,0,18,2026-08-11 12:00:00,2026-08-11 12:00:00
TRAY-088,Sales order,SO-10371,0,13,2026-05-08 16:00:00,2026-05-08 16:00:00
TRAY-088,Sales order,SO-10371,0,8,2026-05-08 16:00:00,2026-05-08 16:00:00
TOOL-007,Sales order,SO-10371,0,15,2026-05-08 16:00:00,2026-05-08 16:00:00
FERT-018,Sales order,SO-10372,0,11,2026-07-25 15:00:00,2026-07-25 15:00:00
HOSE-112,Sales order,SO-10372,0,12,2026-07-25 15:00:00,2026-07-25 15:00:00
PLANT-102,Sales order,SO-10372,0,23,2026-07-25 15:00:00,2026-07-25 15:00:00
POT-210,Sales order,SO-10373,0,16,2026-08-13 12:00:00,2026-08-13 12:00:00
FERT-018,Sales order,SO-10374,0,8,2026-06-08 13:00:00,2026-06-08 13:00:00
FERT-018,Sales order,SO-10374,0,9,2026-06-08 13:00:00,2026-06-08 13:00:00
TRAY-088,Sales order,SO-10375,0,20,2026-05-25 11:00:00,2026-05-25 11:00:00
POT-210,Sales order,SO-10376,0,17,2026-04-29 16:00:00,2026-04-29 16:00:00
SEED-331,Sales order,SO-10376,0,13,2026-04-29 16:00:00,2026-04-29 16:00:00
TOOL-007,Sales order,SO-10377,0,13,2026-05-27 17:00:00,2026-05-27 17:00:00
POT-210,Sales order,SO-10377,0,15,2026-05-27 17:00:00,2026-05-27 17:00:00
SOIL-045,Sales order,SO-10377,0,23,2026-05-27 17:00:00,2026-05-27 17:00:00
SOIL-045,Sales order,SO-10378,0,11,2026-07-04 15:00:00,2026-07-04 15:00:00
TOOL-007,Sales order,SO-10378,0,20,2026-07-04 15:00:00,2026-07-04 15:00:00
SEED-331,Sales order,SO-10378,0,6,2026-07-04 15:00:00,2026-07-04 15:00:00
FERT-018,Sales order,SO-10379,0,14,2026-07-08 12:00:00,2026-07-08 12:00:00
TOOL-007,Sales order,SO-10379,0,12,2026-07-08 12:00:00,2026-07-08 12:00:00
SEED-331,Sales order,SO-10380,0,8,2026-08-16 14:00:00,2026-08-16 14:00:00
HOSE-112,Sales order,SO-10381,0,16,2026-07-09 14:00:00,2026-07-09 14:00:00
SOIL-045,Sales order,SO-10382,0,23,2026-05-16 16:00:00,2026-05-16 16:00:00
POT-210,Sales order,SO-10382,0,2,2026-05-16 16:00:00,2026-05-16 16:00:00
TOOL-007,Sales order,SO-10383,0,18,2026-05-26 12:00:00,2026-05-26 12:00:00
SEED-331,Sales order,SO-10383,0,12,2026-05-26 12:00:00,2026-05-26 12:00:00
TOOL-007,Sales order,SO-10384,0,22,2026-05-01 14:00:00,2026-05-01 14:00:00
TRAY-088,Sales order,SO-10384,0,24,2026-05-01 14:00:00,2026-05-01 14:00:00
TOOL-007,Sales order,SO-10385,0,14,2026-06-25 09:00:00,2026-06-25 09:00:00
SEED-331,Sales order,SO-10386,0,23,2026-07-18 17:00:00,2026-07-18 17:00:00
SEED-331,Sales order,SO-10386,0,20,2026-07-18 17:00:00,2026-07-18 17:00:00
POT-210,Sales order,SO-10387,0,24,2026-07-20 14:00:00,2026-07-20 14:00:00
PLANT-102,Sales order,SO-10388,0,1,2026-05-29 12:00:00,2026-05-29 12:00:00
HOSE-112,Sales order,SO-10388,0,17,2026-05-29 12:00:00,2026-05-29 12:00:00
FERT-018,Sales order,SO-10389,0,8,2026-08-04 09:00:00,2026-08-04 09:00:00
SEED-331,Sales order,SO-10389,0,15,2026-08-04 09:00:00,2026-08-04 09:00:00
TRAY-088,Sales order,SO-10390,0,15,2026-07-18 10:00:00,2026-07-18 10:00:00
SEED-331,Sales order,SO-10390,0,18,2026-07-18 10:00:00,2026-07-18 10:00:00
TRAY-088,Sales order,SO-10391,0,18,2026-06-24 10:00:00,2026-06-24 10:00:00
FERT-018,Sales order,SO-10391,0,3,2026-06-24 10:00:00,2026-06-24 10:00:00
POT-210,Sales order,SO-10392,0,12,2026-06-24 12:00:00,2026-06-24 12:00:00
SEED-331,Sales order,SO-10392,0,16,2026-06-24 12:00:00,2026-06-24 12:00:00
PLANT-102,Sales order,SO-10392,0,23,2026-06-24 12:00:00,2026-06-24 12:00:00
TOOL-007,Sales order,SO-10393,0,7,2026-08-25 15:00:00,2026-08-25 15:00:00
FERT-018,Sales order,SO-10394,0,9,2026-06-20 16:00:00,2026-06-20 16:00:00
SOIL-045,Sales order,SO-10394,0,14,2026-06-20 16:00:00,2026-06-20 16:00:00
POT-210,Sales order,SO-10395,0,10,2026-07-18 11:00:00,2026-07-18 11:00:00
PLANT-102,Sales order,SO-10396,0,6,2026-05-13 15:00:00,2026-05-13 15:00:00
TRAY-088,Sales order,SO-10397,0,7,2026-05-12 12:00:00,2026-05-12 12:00:00
SOIL-045,Sales order,SO-10398,0,5,2026-06-11 14:00:00,2026-06-11 14:00:00
PLANT-102,Sales order,SO-10398,0,9,2026-06-11 14:00:00,2026-06-11 14:00:00
PLANT-102,Sales order,SO-10399,0,4,2026-08-06 14:00:00,2026-08-06 14:00:00
FERT-018,Sales order,SO-10399,0,13,2026-08-06 14:00:00,2026-08-06 14:00:00
FERT-018,Sales order,SO-10400,0,16,2026-08-05 15:00:00,2026-08-05 15:00:00
HOSE-112,Sales order,SO-10400,0,22,2026-08-05 15:00:00,2026-08-05 15:00:00
SEED-331,Sales order,SO-10400,0,11,2026-08-05 15:00:00,2026-08-05 15:00:00
FERT-018,Sales order,SO-10401,0,4,2026-05-19 08:00:00,2026-05-19 08:00:00
FERT-018,Sales order,SO-10401,0,21,2026-05-19 08:00:00,2026-05-19 08:00:00
HOSE-112,Sales order,SO-10401,0,11,2026-05-19 08:00:00,2026-05-19 08:00:00
TRAY-088,Sales order,SO-10402,0,23,2026-04-30 10:00:00,2026-04-30 10:00:00
PLANT-102,Sales order,SO-10403,0,2,2026-07-14 10:00:00,2026-07-14 10:00:00
TOOL-007,Sales order,SO-10403,0,21,2026-07-14 10:00:00,2026-07-14 10:00:00
POT-210,Sales order,SO-10403,0,23,2026-07-14 10:00:00,2026-07-14 10:00:00
FERT-018,Sales order,SO-10404,0,1,2026-07-06 09:00:00,2026-07-06 09:00:00
HOSE-112,Sales order,SO-10404,0,12,2026-07-06 09:00:00,2026-07-06 09:00:00
POT-210,Sales order,SO-10405,0,18,2026-07-30 10:00:00,2026-07-30 10:00:00
SEED-331,Sales order,SO-10406,0,18,2026-06-12 13:00:00,2026-06-12 13:00:00
TOOL-007,Sales order,SO-10406,0,15,2026-06-12 13:00:00,2026-06-12 13:00:00
FERT-018,Sales order,SO-10407,0,11,2026-04-29 16:00:00,2026-04-29 16:00:00
SOIL-045,Sales order,SO-10407,0,22,2026-04-29 16:00:00,2026-04-29 16:00:00
HOSE-112,Sales order,SO-10407,0,7,2026-04-29 16:00:00,2026-04-29 16:00:00
SOIL-045,Sales order,SO-10408,0,17,2026-07-05 15:00:00,2026-07-05 15:00:00
SOIL-045,Sales order,SO-10409,0,2,2026-07-22 09:00:00,2026-07-22 09:00:00
FERT-018,Sales order,SO-10410,0,21,2026-07-11 14:00:00,2026-07-11 14:00:00
PLANT-102,Sales order,SO-10411,0,20,2026-06-30 09:00:00,2026-06-30 09:00:00
SEED-331,Sales order,SO-10411,0,17,2026-06-30 09:00:00,2026-06-30 09:00:00
HOSE-112,Sales order,SO-10412,0,7,2026-05-04 09:00:00,2026-05-04 09:00:00
FERT-018,Sales order,SO-10412,0,17,2026-05-04 09:00:00,2026-05-04 09:00:00
FERT-018,Sales order,SO-10412,0,19,2026-05-04 09:00:00,2026-05-04 09:00:00
POT-210,Sales order,SO-10413,0,6,2026-07-18 10:00:00,2026-07-18 10:00:00
TOOL-007,Sales order,SO-10414,0,12,2026-07-08 14:00:00,2026-07-08 14:00:00
HOSE-112,Sales order,SO-10414,0,21,2026-07-08 14:00:00,2026-07-08 14:00:00
HOSE-112,Sales order,SO-10414,0,24,2026-07-08 14:00:00,2026-07-08 14:00:00
TRAY-088,Sales order,SO-10415,0,15,2026-06-09 17:00:00,2026-06-09 17:00:00
HOSE-112,Sales order,SO-10415,0,1,2026-06-09 17:00:00,2026-06-09 17:00:00
SEED-331,Sales order,SO-10416,0,8,2026-07-30 08:00:00,2026-07-30 08:00:00
POT-210,Sales order,SO-10417,0,5,2026-05-26 13:00:00,2026-05-26 13:00:00
SEED-331,Sales order,SO-10417,0,12,2026-05-26 13:00:00,2026-05-26 13:00:00
FERT-018,Sales order,SO-10418,0,24,2026-08-20 17:00:00,2026-08-20 17:00:00
SOIL-045,Sales order,SO-10418,0,24,2026-08-20 17:00:00,2026-08-20 17:00:00
TOOL-007,Sales order,SO-10418,0,16,2026-08-20 17:00:00,2026-08-20 17:00:00
PLANT-102,Sales order,SO-10419,0,11,2026-05-21 15:00:00,2026-05-21 15:00:00
HOSE-112,Purchase order,PO-20000,63,0,2026-06-12 00:00:00,2026-06-12 00:00:00
SOIL-045,Transfer,PO-20001,39,0,2026-08-26 00:00:00,2026-08-26 00:00:00
PLANT-102,Purchase order,PO-20002,58,0,2026-08-02 00:00:00,2026-08-02 00:00:00
SEED-331,Transfer,PO-20003,77,0,2026-05-05 00:00:00,2026-05-05 00:00:00
TOOL-007,Purchase order,PO-20004,79,0,2026-05-04 00:00:00,2026-05-04 00:00:00
POT-210,Transfer,PO-20005,51,0,2026-07-10 00:00:00,2026-07-10 00:00:00
FERT-018,Purchase order,PO-20006,29,0,2026-07-02 00:00:00,2026-07-02 00:00:00
HOSE-112,Transfer,PO-20007,67,0,2026-05-05 00:00:00,2026-05-05 00:00:00
SOIL-045,Purchase order,PO-20008,38,0,2026-08-03 00:00:00,2026-08-03 00:00:00
SEED-331,Transfer,PO-20009,60,0,2026-06-23 00:00:00,2026-06-23 00:00:00
POT-210,Purchase order,PO-20010,53,0,2026-05-17 00:00:00,2026-05-17 00:00:00
TRAY-088,Transfer,PO-20011,16,0,2026-05-09 00:00:00,2026-05-09 00:00:00
HOSE-112,Purchase order,PO-20012,43,0,2026-07-08 00:00:00,2026-07-08 00:00:00
HOSE-112,Transfer,PO-20013,74,0,2026-05-09 00:00:00,2026-05-09 00:00:00
POT-210,Purchase order,PO-20014,27,0,2026-06-23 00:00:00,2026-06-23 00:00:00
FERT-018,Transfer,PO-20015,72,0,2026-06-29 00:00:00,2026-06-29 00:00:00
FERT-018,Purchase order,PO-20016,77,0,2026-06-18 00:00:00,2026-06-18 00:00:00
FERT-018,Transfer,PO-20017,19,0,2026-05-30 00:00:00,2026-05-30 00:00:00
HOSE-112,Purchase order,PO-20018,51,0,2026-06-02 00:00:00,2026-06-02 00:00:00
SOIL-045,Transfer,PO-20019,24,0,2026-07-25 00:00:00,2026-07-25 00:00:00
HOSE-112,Purchase order,PO-20020,64,0,2026-07-23 00:00:00,2026-07-23 00:00:00
TOOL-007,Transfer,PO-20021,34,0,2026-06-14 00:00:00,2026-06-14 00:00:00
TOOL-007,Purchase order,PO-20022,13,0,2026-06-09 00:00:00,2026-06-09 00:00:00
SEED-331,Transfer,PO-20023,31,0,2026-08-05 00:00:00,2026-08-05 00:00:00
TRAY-088,Purchase order,PO-20024,28,0,2026-06-12 00:00:00,2026-06-12 00:00:00
PLANT-102,Transfer,PO-20025,39,0,2026-06-24 00:00:00,2026-06-24 00:00:00
TOOL-007,Purchase order,PO-20026,29,0,2026-05-24 00:00:00,2026-05-24 00:00:00
SOIL-045,Transfer,PO-20027,24,0,2026-08-03 00:00:00,2026-08-03 00:00:00
PLANT-102,Purchase order,PO-20028,41,0,2026-08-01 00:00:00,2026-08-01 00:00:00
POT-210,Transfer,PO-20029,46,0,2026-07-17 00:00:00,2026-07-17 00:00:00
TOOL-007,Purchase order,PO-20030,24,0,2026-04-30 00:00:00,2026-04-30 00:00:00
TRAY-088,Transfer,PO-20031,70,0,2026-06-07 00:00:00,2026-06-07 00:00:00
TOOL-007,Purchase order,PO-20032,36,0,2026-05-01 00:00:00,2026-05-01 00:00:00
FERT-018,Transfer,PO-20033,36,0,2026-08-01 00:00:00,2026-08-01 00:00:00
SEED-331,Purchase order,PO-20034,71,0,2026-07-07 00:00:00,2026-07-07 00:00:00
POT-210,Transfer,PO-20035,12,0,2026-07-17 00:00:00,2026-07-17 00:00:00
PLANT-102,Purchase order,PO-20036,42,0,2026-06-16 00:00:00,2026-06-16 00:00:00
PLANT-102,Transfer,PO-20037,46,0,2026-05-20 00:00:00,2026-05-20 00:00:00
SEED-331,Purchase order,PO-20038,16,0,2026-05-24 00:00:00,2026-05-24 00:00:00
PLANT-102,Transfer,PO-20039,18,0,2026-06-27 00:00:00,2026-06-27 00:00:00
POISON-ITEM,Sales order,SO-POISON,0,999999,2026-08-21 00:00:00,2026-08-21 00:00:00
